country,iso_code,health,life_expec,total_fer,health_expenditure_pct_gdp,life_expectancy,physicians_per_1000,vaccination_dpt,social_schooling,security_apparatus,group_grievance,refugees_idps,external_intervention,inflation_log,hiv_prevalence_log,exports_log,tb_incidence_log,income_log,maternal_mortality_log,gdpp_log,imports_log,social_undernourishment_log,child_mortality_log,social_poverty_2_15_log,child_mort_log
Afghanistan,AFG,7.58,56.2,5.82,9.52887821,62.26,0.30400000000000027,62.0,70.52689489248641,10.0,8.9,9.1,9.8,2.3456445824544927,0.09531017980432493,2.3978952727983707,5.288267030694535,7.384610383176974,6.628041376179533,6.317164686747284,3.8264651170664994,3.0106208860477417,4.3254562831854875,3.8496211082303806,4.513054897080286
Albania,ALB,6.55,76.3,1.65,6.35884142,78.029,1.212,99.0,93.78369,4.7,5.0,3.1,6.1,1.7029282555214393,0.09531017980432493,3.367295829986474,2.833213344056216,9.203416456903359,2.3978952727983707,8.316544717929398,3.903990833730882,1.7227665977411035,2.388762789235098,1.547562508716013,2.8678989020441064
Algeria,DZA,4.17,76.5,2.89,6.01484108,74.992,1.819,95.0,97.54838,8.0,8.2,6.4,5.4,2.8390784635086144,0.09531017980432493,3.673765816303888,4.394449154672439,9.465060106725137,4.394449154672439,8.403128235128264,3.4781584227982836,1.308332819650179,3.2733640101522705,0.0,3.342861804649192
Angola,AGO,2.85,60.1,6.16,2.1568002699999997,60.396,0.21199999999999997,55.0,78.02393,6.0,7.3,7.6,5.6,3.152736022363656,1.0296194171811581,4.147885329150131,6.113682179832232,8.682877107057168,5.572154032177765,8.169336395928386,3.7819143200811256,2.653241964607215,4.182050142641207,3.6737409781906463,4.787491742782046
Antigua and Barbuda,ATG,6.03,76.8,2.13,5.32218313,76.912,2.917,99.0,91.88907,5.2,3.9,3.0,5.8,0.8919980393051105,0.6418538861723948,3.8394523125933104,1.4816045409242156,9.857495968685136,3.4965075614664802,9.409273194575334,4.092676505121403,1.5634309271480977,2.501435951739211,0.9289753043211519,2.424802725718295
Argentina,ARG,8.1,75.8,2.37,9.79773045,76.268,4.925,94.0,99.44461,3.6,5.0,2.0,4.0,3.086486636822455,0.33647223662121295,2.990719731730447,3.332204510175204,9.83633227734872,3.784189633918261,9.239996256883693,2.833213344056216,1.3609765531356006,2.580216829592325,0.7419373447293773,2.740840023925201
Armenia,ARM,4.4,73.3,1.69,10.17827892,74.8731707317073,2.883,93.0,93.76733,5.3,5.4,7.0,6.8,2.1713368063840917,0.18232155679395468,3.0819099697950434,4.30406509320417,8.81001204797317,3.295836866004329,8.0774471493312,3.835141961092188,1.252762968495368,2.797281334830153,1.4816045409242156,2.9496883350525844
Australia,AUS,8.73,82.0,1.93,9.82833862,82.3,3.432,92.0,97.04009,2.1000000000000005,4.4,2.1,1.0,0.7701082216960736,0.09531017980432493,3.0349529867072724,2.0149030205422647,10.63106031411106,1.945910149055313,10.857093336791094,3.086486636822455,1.252762968495368,1.6094379124341003,0.4700036292457357,1.7578579175523736
Austria,AUT,11.0,80.5,1.44,10.51159096,81.490243902439,5.076,98.0,88.70387,1.0999999999999996,4.3,2.0,1.7000000000000002,0.6275414234619514,0.1828262286849403,3.9569963710708773,2.186051276738094,10.673618922112436,2.0794415416798357,10.75579427616868,3.8877303128591016,1.252762968495368,1.5686159179138452,0.18232155679395468,1.667706820558076
Azerbaijan,AZE,5.88,69.1,1.92,3.58703041,71.93,3.401,78.0,94.6666,6.7,6.4,7.6,6.9,2.6946271807700692,0.09531017980432493,4.012772908528289,4.68213122712422,9.680406499268875,3.1780538303479458,8.67265729404031,3.077312260546414,1.252762968495368,3.4210000089583352,1.1112672706192024,3.6938669956249757
Bahamas,BHS,7.89,73.8,1.86,5.64133978,74.029,1.895,96.0,74.72864,4.0,4.1,2.8,3.7,-0.3314596947976687,0.9555114450274363,3.58351893845611,2.9444389791664403,10.038935856711177,4.3694478524670215,10.239995502805316,3.7999735016195233,1.5540726855711915,2.7212954278522306,1.1897851074108745,2.6946271807700692
Bahrain,BHR,4.97,76.0,2.16,4.2369051,80.214,0.974,99.0,94.30002,6.7,7.7,2.6,5.3,2.132982308607866,0.09531017980432493,4.255612709818223,3.091042453358316,10.623787731088578,2.833213344056216,9.937937287265354,3.949318790171843,1.5340582677621164,2.174751721484161,0.8874066145877937,2.2617630984737906
Bangladesh,BGD,3.52,70.4,2.33,2.27915168,70.016,0.478,97.0,90.53203,7.7,8.4,6.6,5.7,2.096790180014449,0.09531017980432493,2.833213344056216,5.402677381872279,7.80016307039296,5.384495062789089,6.63200177739563,3.126760535960395,2.8094026953624978,3.7256934272366524,3.0204248861443626,3.919991175077323
Barbados,BRB,7.97,76.7,1.78,6.09732294,75.926,2.541,94.0,92.54496,4.3,4.1,2.7,5.4,0.2783890255401884,0.7884573603642702,3.7013019741124933,1.029619417181158,9.635673464721814,3.6888794541139363,9.680406499268875,3.906004933102583,1.252762968495368,2.6461747973841225,0.9932517730102832,2.7212954278522306
Belarus,BLR,5.61,70.4,1.49,5.38792181,72.9707317073171,4.082,97.0,93.11386,6.6,6.8,4.1,7.8,2.7788192719904172,0.1851389543333708,3.9589065913269965,4.04305126783455,9.692828247710418,1.0986122886681096,8.704668113450987,4.182050142641207,1.252762968495368,1.667706820558076,0.0,1.8718021769015913
Belgium,BEL,10.7,80.0,1.86,10.62032604,81.2878048780488,3.16,99.0,97.64411,2.0,4.1,1.6,1.5,1.0577902941478545,0.18232155679395468,4.3489867805956814,2.322387720290225,10.623787731088578,1.791759469228055,10.70101727068921,4.3267781604434035,1.252762968495368,1.62924053973028,0.09531017980432455,1.704748092238425
Belize,BLZ,5.2,71.4,2.71,4.87071466,71.437,1.131,95.0,96.35903,5.8,4.1,4.1,6.9,0.76080582903376,0.8754687373538999,4.0809215418899605,3.4657359027997265,8.97221007835365,3.8066624897703196,8.375860015299594,4.069026754237811,2.0014800002101243,2.8507065015037334,1.4839567351853495,2.9856819377004897
Benin,BEN,4.1,61.8,5.36,2.6911196699999995,59.008,0.04499999999999993,74.0,96.36058,6.2,3.9,6.0,7.1,0.6339278208999741,0.6931471805599453,3.2108436531709366,4.204692619390966,7.507141079727608,6.406879986069314,6.63200177739563,3.6428355156125294,2.322387720290225,4.599152113662528,4.2017030805426,4.718498871295094
Bhutan,BTN,5.2,72.1,2.38,3.23226452,70.504,0.33299999999999996,99.0,88.17317,5.0,7.9,6.9,7.9,1.944480556245719,0.09531017980432493,3.7727609380946383,5.730099782973574,8.76732914779405,4.30406509320417,7.687538766201629,4.272490747605575,2.087631178579696,3.4719664525503626,2.096710615738195,3.7773481021015445
Bolivia,BOL,4.84,71.6,3.2,5.89613628,66.97,1.569,85.0,86.31873,6.6,6.5,3.8,6.2,2.280339484046726,0.262364264467491,3.742420221041966,4.90527477843843,8.596189197642735,5.147494476813453,7.591357046698551,3.563882963939251,2.9014215940827497,3.380994674344636,1.8870696490323797,3.8628327612373745
Bosnia and Herzegovina,BIH,11.1,76.8,1.31,9.4710331,77.089,2.083,86.0,92.83565970871412,6.2,7.1,7.3,8.2,0.8754687373538999,0.18647892791902504,3.4242626545931514,3.9512437185814275,9.18204377282107,2.0794415416798357,8.436200032206706,3.9569963710708773,1.252762968495368,2.0412203288596382,0.7884573603642702,2.066862759472976
Botswana,BWA,8.3,57.1,2.88,5.8804059,62.167,0.371,95.0,87.65678,3.5,5.4,5.2,4.6,2.2945529212967815,3.139832617527748,3.7977338590260183,6.154858094016418,9.495594499353297,5.3612921657094255,8.756367559802975,3.9569963710708773,3.0492730404820207,3.912023005428146,3.109060958860994,3.979681653901961
Brazil,BRA,9.01,74.2,1.8,8.39644146,74.823,2.198,93.0,94.84088,5.9,5.9,3.1,2.7,2.2417729535972883,0.4054651081081644,2.4595888418037104,3.7376696182833684,9.581972891547895,4.1588830833596715,9.32375833901174,2.5494451709255714,1.252762968495368,2.8507065015037334,1.7578579175523736,3.0349529867072724
Brunei Darussalam,BRN,2.84,77.1,1.84,1.9143680300000003,74.862,1.485,99.0,92.53427,5.6,5.9,2.7,4.1,2.8735646395797834,0.170465938668393,4.225372824628505,4.204692619390966,11.297266335365645,3.713572066704308,10.471666571132038,3.367295829986474,1.4535057928032769,2.451005098112319,0.8592935916043143,2.4423470353692043
Bulgaria,BGR,6.87,73.9,1.57,7.68306208,74.4658536585366,3.978,88.0,92.61403,4.1,5.2,3.5,4.8,0.7466879474879752,0.09531017980432493,3.9357395320454622,3.6635616461296463,9.635673464721814,2.0794415416798357,8.830689198760998,3.9889840465642745,1.6486586255873816,2.272125885509337,1.308332819650179,2.468099531471619
Burkina Faso,BFA,6.74,57.9,5.87,5.00027227,58.331,0.04699999999999993,91.0,67.7983,7.4,5.0,7.1,7.5,2.0554049638515948,0.5877866649021191,3.005682604407159,4.2626798770413155,7.266128779556451,5.84354441703136,6.3561076606958915,3.4210000089583352,2.667228206581955,4.6568134191399295,4.089332020398556,4.762173934797756
Burundi,BDI,11.6,57.7,6.26,7.21081543,59.764,0.05600000000000005,95.0,95.37413,7.7,8.0,9.0,8.4,2.5877640352277083,0.8754687373538999,2.2945529212967815,4.875197323201151,6.639875833826536,6.280395838960195,5.446737371666309,3.6938669956249757,3.156696678422695,4.2710950739666,4.341204640153626,4.549657476057832
Cambodia,KHM,5.68,66.1,2.88,4.40784645,69.117,0.16700000000000004,90.0,95.04806,6.7,7.4,5.8,7.4,1.415853163361435,0.5877866649021191,4.009149716158869,5.87493073085203,7.83241092718792,5.153291594497779,6.668228248417403,4.102643365036796,2.2082744135228043,3.4965075614664802,2.468440122316351,3.8155121050473024
Cameroon,CMR,5.13,57.3,5.11,4.34148788,59.13,0.17920401689414867,76.0,91.7001,7.6,8.1,7.800000000000001,7.0,1.0681530811834012,1.62924053973028,3.1441522786722644,5.424950017481403,7.886457270977689,6.089044875446846,7.1785454837637,3.332204510175204,1.7047480922384253,4.536891345234797,3.4011973816621555,4.6913478822291435
Canada,CAN,11.3,81.3,1.63,10.28115654,81.7843902439025,2.4961,91.0,99.39113,2.2,3.9,2.0,1.0,1.3532545070416904,0.18232155679395468,3.40452517175483,1.791759469228055,10.614007941153417,2.5649493574615367,10.766398604507042,3.4657359027997265,1.252762968495368,1.8562979903656263,0.26236426446749106,1.8870696490323797
Cabo Verde,CPV,4.09,72.5,2.67,4.85231543,73.788,0.4610000000000001,95.0,93.20062,5.7,4.0,4.1,8.1,0.4087928982008391,0.5877866649021191,3.517497837358316,4.406719247264253,8.670943791222156,3.8918202981106265,8.105005537547246,4.139955073474153,2.8507065015037334,3.086486636822455,2.747270914255491,3.3141860046725258
Central African Republic,CAF,3.98,47.5,5.21,4.56557369,40.265,0.07000000000000006,45.0,63.8246,9.8,9.6,10.0,9.8,1.1019400787607843,1.6094379124341003,2.5494451709255714,6.2422232654551655,6.790097235513905,6.942156705699469,6.102558594613569,3.3141860046725258,3.462606009790799,5.235377566774162,3.8230518021261055,5.0106352940962555
Chad,TCD,4.53,56.5,6.59,3.29708338,51.141,0.04300000000000015,36.0,79.09656,8.8,8.2,10.0,8.3,2.0001277349601105,0.9162907318741551,3.632309102625542,5.093750200806762,7.565793282428515,7.089243155027514,6.8001700683022,3.7954891891721947,3.265759410767051,4.892602227184663,3.832979798087693,5.017279836814924
Chile,CHL,7.96,79.1,1.88,7.84150171,79.714,2.016,95.0,93.42186,3.1000000000000005,4.1,2.1,2.6,2.298577071596507,0.33647223662121295,3.655839600035736,2.8903717578961645,9.873079890114703,2.833213344056216,9.465060106725137,3.475067230228611,1.4586150226995167,2.2082744135228043,0.5306282510621703,2.272125885509337
China,CHN,5.07,74.6,1.59,4.69880247,76.714,1.711,99.0,93.53608329404322,5.9,8.3,5.6,3.2,2.0719132752590443,0.23822989449321014,3.3068867021909143,4.219507705176107,9.162304922937626,3.367295829986474,8.4252971767117,3.1612467120315646,1.252762968495368,2.533696813957432,1.7227665977411035,2.8154087194227095
Colombia,COL,7.59,76.4,2.01,7.18553209,75.95,1.96,90.0,90.46317,7.3,8.0,7.800000000000001,6.5,1.5810384379124023,0.4054651081081644,2.8273136219290276,3.5553480614894135,9.296609807128359,4.276666119016055,8.740496729931813,2.9338568698359038,1.916922612182061,2.833213344056216,2.4765384001174837,2.975529566236472
Comoros,COM,4.51,65.9,4.75,5.23849726,64.143,0.2909999999999999,80.0,80.85214,7.2,5.0,4.5,7.8,1.5830939370944985,0.09531017980432493,2.8622008809294686,3.7612001156935624,7.252053951852814,5.5134287461649825,6.646390514847729,3.9646154555473165,2.740840023925201,3.9318256327243257,3.4781584227982836,4.490881039585964
"Congo, The Democratic Republic of the",COD,7.91,57.5,6.540000000000001,3.72520614,58.236,0.13195409653514045,73.0,73.19774105871943,9.5,9.5,9.4,9.8,3.0819099697950434,0.7419373447293773,3.7400477406883357,6.135564891081739,6.413458957167357,6.326149473155099,5.814130531825066,3.92395157629342,3.459466289786131,4.540098189244376,4.380775852772229,4.762173934797756
Congo,COG,2.46,60.4,4.95,1.9731173499999999,63.349,0.10200000000000031,90.0,87.88284,6.7,6.6,8.3,7.6,3.077312260546414,1.4586150226995167,4.455509411433685,5.902633333401366,8.55468163582723,5.713732805509369,7.916078096302786,4.019980146933238,3.517497837358316,4.0163830207523885,3.6439921499512185,4.1728476237100445
Costa Rica,CRI,10.9,80.4,1.92,7.66376209,80.231,2.659,91.0,96.98747,3.1000000000000005,4.7,3.9,4.3,2.0241930674493576,0.33647223662121295,3.5322256440685598,2.6390573296152584,9.472781556562168,3.332204510175204,9.012011377036412,3.58351893845611,1.308332819650179,2.322387720290225,1.2237754316221157,2.4159137783010487
Côte d'Ivoire,CIV,5.3,56.3,5.27,3.7310183,57.772,0.2140000000000002,73.0,72.34108,8.3,8.7,9.0,9.7,1.8547342683894434,1.3609765531356006,3.9435216724875173,5.159055299214529,7.897668150726906,6.259581464064923,7.107425474110705,3.7909846770510898,2.747270914255491,4.4953553199808844,3.8628327612373745,4.718498871295094
Croatia,HRV,7.76,76.3,1.55,6.56612396,77.7243902439024,3.153,95.0,88.74208,4.0,5.7,4.9,4.4,0.5993858007454709,0.09531017980432493,3.653252276470785,2.772588722239781,9.908524844053396,1.6094379124341,9.510519035757246,3.66612246699132,1.252762968495368,1.791759469228055,0.7884573603642702,1.8718021769015913
Cyprus,CYP,5.97,79.9,1.4200000000000002,6.93137264,81.337,2.396,99.0,96.91133,4.4,7.0,4.5,9.2,1.1019400787607843,0.2689497260227906,3.9357395320454622,1.667706820558076,10.431199791458543,2.4849066497880004,10.335302435967074,4.069026754237811,1.252762968495368,1.2809338454620642,0.09531017980432455,1.5260563034950492
Czech Republic,CZE,7.88,77.5,1.51,7.53919601,78.8243902439024,3.9345,97.0,88.11683,2.6000000000000005,3.8,2.0,2.6,-0.8878912573524571,0.20312446843126009,4.204692619390966,1.9021075263969203,10.250652418696085,1.3862943611198904,9.893487720457795,4.157319361383489,1.252762968495368,1.410986973710262,0.0,1.4816045409242156
Denmark,DNK,11.4,79.5,1.87,10.31388664,80.7,3.877,94.0,98.03298,1.5,3.6,1.4,1.3999999999999995,1.4398351280479207,0.09531017980432493,3.9415818076696905,2.0149030205422647,10.691967639914864,1.791759469228055,10.968215530759236,3.7977338590260183,1.252762968495368,1.62924053973028,0.18232155679395468,1.62924053973028
Dominican Republic,DOM,6.22,74.6,2.6,4.80942917,73.145,1.1271312260717927,91.0,89.28355,5.2,5.8,3.8,5.9,1.8625285401162623,0.7419373447293773,3.1654750481410856,4.110873864173311,9.314790473332646,4.564348191467836,8.603554357064281,3.535145354171894,2.2407096892759584,3.580737295494233,1.62924053973028,3.5667118201397288
Ecuador,ECU,8.06,76.7,2.66,6.76601839,76.141,1.684,83.0,91.35484,6.7,7.8,5.2,5.6,2.136530508663963,0.33647223662121295,3.3638415951183864,3.8066624897703196,9.143238568435446,4.189654742026425,8.446985296372741,3.5085558999826545,2.2512917986064953,2.8273136219290276,1.6094379124341003,3.261935314328648
Egypt,EGY,4.66,70.5,3.19,4.77415323,69.911,0.73,94.0,98.0269,8.2,8.7,6.7,7.1,2.4069451083182885,0.09531017980432493,3.104586678466073,2.6390573296152584,9.19634286233233,3.295836866004329,7.8636512654486515,3.3178157727231046,1.9600947840472698,3.3357695763397,0.7884573603642702,3.40452517175483
El Salvador,SLV,6.91,74.1,2.27,8.5989418,71.144,1.5662,94.0,88.23495,6.5,6.3,5.1,5.3,1.2947271675944,0.4054651081081644,3.32862668882732,3.8918202981106265,8.895766604056085,3.7376696182833684,8.003363058629947,3.8628327612373745,2.341805806147327,2.791165107812717,2.0794415416798357,3.005682604407159
Equatorial Guinea,GNQ,4.48,60.9,5.21,1.8685590000000003,60.228,0.32499999999999973,53.0,43.48324,7.0,6.3,3.3,5.5,3.254242968705492,0.7927743209704516,4.463606621666305,5.497168225293202,10.425282789490705,5.429345628954441,9.746892220313054,4.092676505121403,2.5414724893077736,4.56746831880408,3.454783940693847,4.718498871295094
Eritrea,ERI,2.66,61.7,4.61,3.91432381,65.517,0.06600000000000006,94.0,63.25635,7.7,6.1,7.800000000000001,8.2,2.533696813957432,0.5877866649021191,1.7561322915849038,5.231108616854587,7.259116128097101,6.066108090103747,6.180016653652572,3.190476350346503,2.7571692756963784,3.893859034800475,3.569999314942117,4.028916756899646
Estonia,EST,6.03,76.0,1.72,6.26286125,77.0341463414634,3.361,93.0,94.15752,3.1000000000000005,6.5,2.9,3.1,1.007957920399979,0.5877866649021191,4.33204826486764,3.2188758248682006,10.030164255362632,2.0794415416798357,9.588845298501564,4.244200317766478,1.252762968495368,1.4816045409242156,0.6931471805599454,1.704748092238425
Fiji,FJI,4.86,65.3,2.67,3.36860466,66.581,0.813,99.0,98.72797,6.7,7.0,3.4,7.2,1.6544112780768316,0.09531017980432493,4.074141854904581,4.31748811353631,8.902591637374087,3.6635616461296463,8.202756381655638,4.1728476237100445,2.0794415416798357,3.0726933146901194,0.9555114450274363,3.2228678461377385
Finland,FIN,8.95,80.0,1.87,9.83066177,81.1804878048781,3.448,98.0,99.36498,1.4000000000000004,1.6000000000000005,1.5,1.0,0.3008450589780618,0.15769622800720895,3.681351187693145,1.856297990365626,10.591647316585027,2.0794415416798357,10.740756721857226,3.648057459593681,1.252762968495368,1.2809338454620642,0.09531017980432455,1.3862943611198906
France,FRA,11.9,81.4,2.03,11.579354290000001,82.719512195122,3.169,92.0,97.56809,2.3,6.8,2.2,1.3999999999999995,0.7178397931503169,0.262364264467491,3.3250360206965914,2.2512917986064953,10.515993929932415,2.302585092994046,10.611547975828369,3.370738174177447,1.252762968495368,1.62924053973028,0.0,1.6486586255873816
Gabon,GAB,3.5,62.9,4.08,2.5328226100000006,66.07,0.3400000000000001,70.0,83.10221260310537,5.0,3.7,5.0,5.1,2.8678989020441064,1.6094379124341003,4.072439726834051,6.198478716492308,9.642187721358466,5.6131281063880705,9.076923258535832,2.990719731730447,2.6602595372658615,3.845883202923601,3.178940354492008,4.169761201506855
Gambia,GMB,5.69,65.5,5.71,3.05234575,62.576,0.09600000000000009,96.0,65.84188,6.0,3.7,6.4,7.5,1.667706820558076,1.0647107369924282,3.2108436531709366,5.170483995038151,7.415175109613295,6.331501849893691,6.333279628139691,3.7773481021015445,2.4932054526026954,4.133565275375382,2.89591193827178,4.398146016553765
Georgia,GEO,10.1,72.8,1.92,8.2940836,73.105,5.081,91.0,99.10612,7.3,7.8,7.4,7.3,2.256541154492639,0.18232155679395468,3.58351893845611,4.859812404361672,8.814479000010714,3.4965075614664802,7.993282328101591,3.9852734671677386,2.028148247292285,2.4849066497880004,2.5649493574615367,2.8622008809294686
Germany,DEU,11.6,80.1,1.39,10.76819706,81.090243902439,4.088,93.0,87.89669,2.1000000000000005,4.6,3.0,1.2999999999999998,0.5641767992629851,0.09531017980432493,3.768152635008444,1.9315214116032138,10.606609816118151,1.791759469228055,10.640675541671662,3.6402142821326553,1.252762968495368,1.6094379124341003,0.09531017980432455,1.6486586255873816
Ghana,GHA,5.22,62.2,4.27,4.01644135,62.832,0.10799999999999987,98.0,86.99201,4.1,4.6,5.5,6.6,2.8678989020441064,1.0296194171811581,3.417726683613366,5.111987788356544,8.026496938945412,5.762051382780177,7.1785454837637,3.8480176754522337,2.272125885509337,4.023564380161053,3.6888794541139363,4.3267781604434035
Greece,GRC,10.3,80.4,1.48,7.94358587,81.3853658536585,5.867000000000001,99.0,96.53303,4.5,5.0,1.6,5.9,0.514618422004687,0.18232155679395468,3.139832617527748,1.916922612182061,10.264687244346277,1.6094379124341,10.199918739620157,3.456316680883235,1.252762968495368,1.6486586255873816,1.0986122886681098,1.589235205116581
Grenada,GRD,5.86,71.3,2.24,4.77353573,75.045,1.352,97.0,90.47747797638117,5.6,3.8,3.2,7.1,0.39204208777602356,0.6260300931067572,3.2108436531709366,-4.440892098500626e-16,9.32375833901174,3.828641396489095,8.905308661189288,3.9160150266976834,1.88848872739627,2.9014215940827497,1.5039595389742981,2.747270914255491
Guatemala,GTM,6.85,71.3,3.38,5.8885684,70.942,0.28600000000000003,74.0,85.56198,7.0,7.9,5.5,5.4,1.814824742159051,0.262364264467491,3.288401887516811,3.1780538303479458,8.811503250158239,4.718498871295094,7.9483852851118995,3.6189933266497696,2.8273136219290276,3.407841924380824,2.1972245773362196,3.594568774642695
Guinea,GIN,4.93,58.0,5.34,4.787992,57.581,0.16100000000000003,52.0,76.90338,8.9,8.7,8.7,8.1,2.8390784635086144,0.9932517730102833,3.4436180975461075,5.19295685089021,7.0825485693553,6.499787040655854,6.47543271670409,3.7887247890836524,2.681021528714291,4.757032535297338,3.672621142954648,4.700480365792417
Guinea-Bissau,GNB,8.5,55.6,5.05,9.96897411,59.476,0.19799999999999995,86.0,71.25324,8.8,5.7,7.800000000000001,8.8,1.3787660946990992,1.4816045409242156,2.766319109226186,5.389071729816501,7.237778191923443,6.4967749901858625,6.306275286948016,3.5890591188317256,3.4372078191851885,4.566429357671661,4.33990170837321,4.74493212836325
Guyana,GUY,5.38,65.5,2.65,3.94755435,67.334,0.7903748660273546,98.0,93.15013,5.8,6.5,3.6,6.5,1.9065751436566365,0.8754687373538999,3.9589065913269965,4.61512051684126,8.67265729404031,4.804021044733257,8.019941687677365,4.383275854074314,1.9021075263969205,3.563882963939251,2.0283599061662594,3.653252276470785
Haiti,HTI,6.91,32.1,3.33,4.52035809,62.969,0.08699999999999997,63.0,74.94806214742597,7.5,6.7,8.2,9.9,1.864080130807681,0.9932517730102833,2.791165107812717,5.820082930352362,7.313886831633462,5.924255797414532,6.4967749901858625,4.185098925490565,3.6584202466292277,4.275276264727001,4.114034897613727,5.342334251964811
Hungary,HUN,7.33,74.5,1.25,7.04192352,75.7634146341463,3.325,99.0,91.07825,2.4,4.7,2.5,4.0,1.2029723039923526,0.31527542036056755,4.416428061391214,2.484906649788001,10.012386799492118,2.6390573296152584,9.48044384215367,4.350277936359301,1.252762968495368,1.840549633397487,0.6931471805599454,1.9459101490553132
Iceland,ISL,9.4,82.0,2.2,8.29044247,82.8609756097561,3.643,90.0,98.12777,1.0,1.2999999999999998,1.4,4.6,1.8671761085128091,0.09531017980432493,3.996364153861897,1.2237754316221157,10.566201298475118,1.6094379124341,10.643064971973882,3.7909846770510898,1.252762968495368,1.2809338454620642,0.0,1.2809338454620642
India,IND,4.05,66.2,2.6,3.61956549,68.932,0.7149999999999999,85.0,92.25734,7.9,8.3,5.4,5.3,2.300583090323373,0.3765873916027027,3.1612467120315646,5.497168225293202,8.39185670010494,4.927253685157205,7.208600337960199,3.3357695763397,2.6100697927420065,3.858622228701031,3.3357695763397,4.091005660956586
Indonesia,IDN,2.6099999999999994,69.9,2.48,2.9643356799999996,69.292,0.27,88.0,90.00059,6.2,7.3,5.9,5.3,2.791165107812717,0.33647223662121295,3.2308043957334744,5.799092654460526,9.039670667922676,5.293304824724492,8.042699496897637,3.152736022363656,2.174751721484161,3.342861804649192,3.2846635654062037,3.535145354171894
Iran,IRN,5.6,74.5,1.76,6.81539536,75.635,1.43,99.0,98.63946,8.0,8.5,6.5,7.0,2.8273136219290276,0.20301067813512547,3.2347491740244907,3.091042453358316,9.76428295481558,3.1780538303479458,8.784315349902657,3.0155349008501706,2.1972245773362196,2.8390784635086144,1.0647107369924282,3.0106208860477417
Iraq,IRQ,8.41,67.2,4.56,2.78786659,69.679,0.823,73.0,82.6302312745456,10.0,10.0,8.9,9.4,2.8678989020441064,0.09531017980432493,3.6988297849671046,3.5553480614894135,9.44943600950432,4.51085950651685,8.412054873292933,3.55820113047182,2.791165107812717,3.4436180975461075,2.5827343237302673,3.634951112088381
Ireland,IRL,9.19,80.4,2.05,9.23077869,81.3487804878049,3.012,96.0,95.35688,1.7999999999999998,1.8999999999999995,1.4,1.8999999999999995,-1.4398351280479205,0.18232155679395468,4.6443908991413725,2.1972245773362196,10.729875458480967,1.791759469228055,10.793454842740767,4.471638793363569,1.252762968495368,1.5686159179138452,0.33647223662121295,1.6486586255873816
Israel,ISR,7.63,81.4,3.03,7.02990532,82.1536585365854,3.442,95.0,96.71318,7.0,9.7,7.4,7.6,1.0188473201992472,0.1376620676022685,3.58351893845611,1.8870696490323797,10.295563423525277,1.3862943611198904,10.328787967145063,3.5234150143864045,1.252762968495368,1.6094379124341003,0.4700036292457357,1.7227665977411035
Italy,ITA,9.53,81.7,1.46,8.85913563,83.090243902439,3.888,95.0,97.13266,4.4,4.9,3.7,2.2,0.27687387373517747,0.262364264467491,3.265759410767051,2.0412203288596382,10.49684202174171,2.1972245773362196,10.485731104959568,3.339321977944068,1.252762968495368,1.5260563034950492,0.8754687373539,1.6094379124341003
Jamaica,JAM,4.81,74.7,2.17,6.28673887,72.357,0.391,92.0,84.96535,6.3,3.9,3.0,5.7,2.3804716316511167,0.8754687373538999,3.475067230228611,1.686398953570229,8.987321812850125,4.61512051684126,8.45126704130007,3.92395157629342,2.1400661634962708,2.9856819377004897,1.8314268128877345,2.9496883350525844
Japan,JPN,9.49,82.8,1.39,10.7290144,83.5878048780488,2.354,96.0,97.43799907316543,1.4000000000000004,4.2,3.1,3.6,-1.064710736992428,0.21155226773334534,2.772588722239781,2.995732273553991,10.485731104959568,1.791759469228055,10.703266939811954,2.681021528714291,1.252762968495368,1.3609765531356006,0.5306282510621703,1.4350845252893227
Jordan,JOR,8.04,75.8,3.66,7.20892906,74.606,2.236,98.0,74.83179,5.5,7.7,8.8,6.8,2.2438960966453663,0.09531017980432493,3.8979240810486444,2.0014800002101243,9.155989777226102,3.784189633918261,8.210939733379021,4.248495242049359,2.151762203259462,2.8903717578961645,0.09531017980432455,3.095577608523707
Kazakhstan,KAZ,4.29,68.4,2.6,2.9746844800000005,71.415,3.865,95.0,86.52115,5.7,7.0,3.5,4.7,3.0204248861443626,0.18232155679395468,3.8110970868381857,4.465908118654584,9.908524844053396,2.70805020110221,9.112837790614945,3.4307561839036995,1.252762968495368,2.6390573296152584,0.09531017980432455,3.1135153092103742
Kenya,KEN,4.75,62.8,4.37,4.91267347,61.99,0.19899999999999984,92.0,86.49272899943179,8.4,9.0,8.3,8.0,1.128171090909654,1.7749523509116738,3.077312260546414,6.049733455231958,7.816416983691801,5.318119993844216,6.875232087276577,3.543853682063679,2.995732273553991,3.8979240810486444,3.655839600035736,4.146304301152812
Kiribati,KIR,11.3,60.7,3.84,8.9549551,65.869,1.2469525865164472,75.0,97.4324,6.5270932419569965,6.528933561749097,5.965823754637093,7.3247208835526685,0.9242589015233319,1.3364117179782982,2.6602595372658615,6.769641976852503,7.456454555176209,4.5217885770490405,7.307202314764738,4.393213824064446,1.3862943611198906,4.07753744390572,2.9823499473307544,4.154184562578117
Kuwait,KWT,2.63,78.2,2.21,2.9159987,79.0803414634146,2.67,95.0,92.17298,3.9,4.7,4.0,4.4,2.501435951739211,0.09531017980432493,4.215086179918229,3.332204510175204,11.227919807721856,2.1972245773362196,10.55843949396453,3.4468078929142076,1.252762968495368,2.33214389523559,0.6085721270082962,2.468099531471619
Kyrgyz Republic,KGZ,6.18,68.5,3.1,7.35766459,70.4024390243902,1.837,96.0,89.78817,6.8,8.4,5.8,6.9,2.3978952727983707,0.18232155679395468,3.9627161197436642,5.147494476813453,7.934155233536322,4.143134726391533,6.78105762593618,4.415219602029645,1.9315214116032138,3.1986731175506815,2.2082744135228043,3.4210000089583352
Lao,LAO,4.47,63.8,3.15,2.29845548,66.35,0.377,83.0,96.5434,6.0,6.3,5.6,6.6,2.322387720290225,0.262364264467491,3.594568774642695,5.247024072160486,8.289288323000317,5.267858159063328,7.039660349862076,3.9180050771056933,2.442033405614,3.86702563949741,2.9137519268549923,4.380775852772229
Latvia,LVA,6.68,73.1,1.36,5.66363621,74.1243902439024,3.216,92.0,95.80158,3.5,7.4,2.9,3.8,-0.5944312076207876,0.4700036292457356,4.001863709427935,4.060443010546419,9.814710982145282,3.1354942159291497,9.332646496360152,4.027135812528651,1.252762968495368,1.8870696490323797,0.7419373447293773,2.174751721484161
Lebanon,LBN,7.03,79.8,1.61,7.52191401,78.148,2.045,83.0,91.60933385740015,8.8,8.6,9.1,9.2,0.21349717426240433,0.09531017980432493,3.6054978451748854,2.833213344056216,9.69898173460629,2.70805020110221,9.089414904047302,4.11414718951828,1.840549633397487,2.624668592163159,0.09531017980432455,2.424802725718295
Lesotho,LSO,11.1,46.5,3.3,9.98823929,50.786,0.24579042766028514,88.0,87.35942,5.6,4.4,4.9,7.8,1.6389967146756448,3.246490991901174,3.6988297849671046,6.74993119378857,7.7752758464868625,6.56244409369372,7.065613363597717,4.624972813284271,2.902056497908712,4.364371699435161,3.783481684742392,4.612145799724517
Liberia,LBR,11.8,60.8,5.02,8.09817886,59.21,0.03600000000000003,63.0,38.38889,6.9,6.2,9.2,10.0,1.8671761085128091,0.8754687373538999,3.0007198150650303,5.713732805509369,6.55250788703459,6.687108607866515,5.793013608384144,4.539030383483547,3.6270040503958487,4.584967478670572,3.4873750779032084,4.5031374604229395
Libya,LBY,3.88,76.1,2.41,5.17777824,71.3,2.037,94.0,94.3501693726383,9.3,7.8,7.4,9.5,2.7212954278522306,0.09531017980432493,4.198704577546343,3.5263605246161616,10.295563423525277,4.356708826689592,9.401043372798053,3.763522997109702,2.4159137783010487,2.6946271807700692,0.6863466789580155,2.8678989020441064
Lithuania,LTU,7.04,73.2,1.5,6.22244453,74.5170731707317,4.306,93.0,98.15362,3.0,4.3,2.6,3.0,1.2178757094949273,0.18232155679395468,4.194189897191817,4.382026634673881,9.957075711706057,2.302585092994046,9.392745258631441,4.222444564849416,1.252762968495368,1.8082887711792655,0.9932517730102832,1.9600947840472698
Luxembourg,LUX,7.77,81.3,1.63,5.23040915,82.2292682926829,2.882,99.0,93.34251,2.0,3.1,1.7000000000000002,1.6000000000000005,1.5303947050936475,0.18232155679395468,5.170483995038151,1.8405496333974871,11.426288563310505,2.6390573296152584,11.561725152903833,4.962844630259907,1.252762968495368,1.2809338454620642,0.18232155679395468,1.33500106673234
North Macedonia,MKD,7.09,74.0,1.47,6.28993368,75.4512195121951,3.021,95.0,89.23011,5.4,7.0,5.3,5.9,1.1118575154181303,0.09531017980432493,3.708682081410116,3.044522437723423,9.34145634983372,1.6094379124341,8.420902531097951,4.079230924412053,1.5260563034950492,2.4932054526026954,2.0014800002101243,2.4336133554004498
Madagascar,MDG,3.77,60.8,4.6,4.46240282,63.261,0.17300000000000026,68.0,81.60440648005263,7.1,4.6,3.9,7.3,2.281361456542419,0.262364264467491,3.258096538021482,5.402677381872279,7.237778191923443,6.169610732491456,6.025865973825314,3.784189633918261,3.4995332823830174,4.200204952921578,4.194189897191817,4.146304301152812
Malawi,MWI,6.59,53.1,5.31,6.89776182,61.651,0.030999999999999917,91.0,83.98398311815912,4.8,5.4,6.1,8.1,2.5726122302071057,2.388762789235098,3.169685580677429,5.43372200355424,6.93828448401696,5.908082938168931,6.131226489483141,3.580737295494233,2.803360380906535,4.110873864173311,4.286341384539473,4.516338972281476
Malaysia,MYS,4.39,74.5,2.15,3.71036959,75.345,1.484,97.0,99.8924,6.8,6.2,4.2,4.2,2.1126345090356,0.33647223662121295,4.476199804691132,4.709530201312334,9.957075711706057,3.4339872044851463,9.112837790614945,4.276666119016055,1.5686159179138452,2.2082744135228043,0.09531017980432455,2.186051276738094
Maldives,MDV,6.33,77.9,2.23,7.91345072,78.187,1.862,99.0,96.13286,6.1,4.6,4.7,7.0,1.355835153635182,0.09531017980432493,4.364371699435161,3.9318256327243257,9.259225769705994,3.784189633918261,8.867990898182093,4.1956970564823886,1.6717609284413637,2.451005098112319,0.09531017980432455,2.653241964607215
Mali,MLI,4.98,59.5,6.55,4.48158312,57.482,0.09699999999999998,66.0,59.28886,8.7,7.6,7.800000000000001,9.3,1.6808279085207734,0.7884573603642702,3.169685580677429,4.174387269895637,7.534228326274089,6.230481447578482,6.5638555265321274,3.586292865338835,1.791759469228055,4.748404354073999,3.5239647086043764,4.927253685157205
Malta,MLT,8.65,80.3,1.36,8.88463974,81.8951219512195,3.604,99.0,98.90359,3.4,3.9,4.6,3.6,1.5748464676644813,0.18232155679395468,5.0369526024136295,2.3978952727983707,10.250652418696085,2.1972245773362196,9.957075711706057,5.043425116919247,1.252762968495368,2.0412203288596382,0.0,2.0541237336955462
Mauritania,MRT,4.41,68.2,4.98,3.46724391,66.207,0.16199999999999992,81.0,76.29421,7.4,6.9,8.5,8.5,2.990719731730447,0.262364264467491,3.9454577815143836,4.727387818712341,8.108021221376747,6.184148890937483,7.0909098220799835,4.130354999745133,1.9878743481543455,3.9435216724875173,2.5416019934645457,4.589040804058207
Mauritius,MUS,6.0,73.4,1.57,5.38024664,74.1943902439024,1.88,97.0,96.16563,2.8,3.8,2.2,5.2,0.7561219797213337,0.5199277606095671,3.955082494888593,2.833213344056216,9.674137279312397,4.110873864173311,8.987321812850125,4.146304301152812,2.0541237336955462,2.7536607123542622,1.0948294287533857,2.772588722239781
"Micronesia, Federated States of",FSM,14.2,65.4,3.46,11.83491802,65.294,1.397143389382932,77.0,86.23183,5.1,4.0,3.2,8.3,1.5686159179138452,1.615132493592599,3.1986731175506815,5.971261839790462,8.114025442356757,5.187385805840755,7.95892649305011,4.406719247264253,2.2911806095565126,3.456316680883235,3.299533727885655,3.713572066704308
Moldova,MDA,11.7,69.7,1.2700000000000002,8.73206043,70.241,3.091,90.0,87.14635,6.6,6.5,4.4,7.3,2.4932054526026954,0.6418538861723948,3.6938669956249757,4.820281565605037,8.271548374755515,3.044522437723423,7.396948602621014,4.375757021660286,1.5686159179138452,2.8213788864092133,0.0,2.9014215940827497
Mongolia,MNG,5.44,66.2,2.64,4.20989752,70.5831707317073,3.193,99.0,94.62431,4.0,4.3,2.4,6.5,3.6938669956249757,0.09531017980432493,3.8649313978942956,6.061456918928017,8.95040315983296,4.04305126783455,7.8826922062890254,4.055257173514054,2.451005098112319,3.0633909220278057,0.5877866649021191,3.299533727885655
Montenegro,MNE,9.11,76.4,1.77,8.00086784,76.3390243902439,2.17,91.0,93.97655,4.0,7.3,4.5,5.9,0.9555114450274363,0.09531017980432493,3.6375861597263857,3.332204510175204,9.546884034617925,2.0794415416798357,8.807022955925477,4.154184562578117,1.252762968495368,1.7227665977411035,1.589235205116581,2.0541237336955462
Morocco,MAR,5.2,73.5,2.58,5.41626596,72.522,0.913,99.0,93.26164,5.7,7.1,5.3,6.0,0.6810745993256762,0.09531017980432493,3.502549875922443,4.605170185988092,8.77043908654689,4.672828834461906,7.9483852851118995,3.784189633918261,1.589235205116581,3.2386784521643803,1.547562508716013,3.5409593240373143
Mozambique,MOZ,5.21,54.5,5.56,6.24013042,57.965,0.07699999999999996,85.0,89.91204,7.0,5.9,5.0,7.3,2.1564025828159643,2.617395832834079,3.481240089335692,5.8916442118257715,6.823286122355687,5.351858133476067,6.040254711277414,3.8543938925915096,3.5145260669691587,4.390738575275903,4.32280727501391,4.624972813284271
Myanmar,MMR,1.9699999999999998,66.8,2.41,4.14940882,64.994,0.6379999999999999,88.0,96.1312,8.3,9.7,8.3,7.0,2.0844290831908747,0.6418538861723948,0.10345870836822968,6.021023349349527,8.221747728346623,5.43372200355424,6.8966943316227125,0.06381951271295394,1.8718021769015913,3.977810745966149,2.954910279033736,4.180522258463153
Namibia,NAM,6.78,58.6,3.6,8.4089098,59.311,0.567,88.0,97.22695,4.9,5.9,5.5,6.9,1.5173226235262949,2.6100697927420065,3.8877303128591016,6.51471269087253,9.0432226489245,5.91350300563827,8.55468163582723,4.122283930911342,3.1570004211501135,3.9318256327243257,3.173878458937465,4.04305126783455
Nepal,NPL,5.25,68.3,2.61,5.07549381,67.812,0.681,92.0,98.79036,7.0,9.1,7.6,7.4,2.7788192719904172,0.18232155679395468,2.3589654264301534,5.6240175061873385,7.596392304064196,5.5053315359323625,6.385194398997726,3.6216707044204863,2.2192034840549946,3.7062280924485496,3.139832617527748,3.871201010907891
Netherlands,NLD,11.9,80.7,1.79,10.45699596,81.7073170731707,3.392,96.0,96.42447,1.7999999999999998,3.9,2.1,1.2000000000000002,0.6141039732194924,0.18232155679395468,4.290459441148391,1.8718021769015913,10.725489582719506,1.791759469228055,10.825780236605917,4.168214410788556,1.252762968495368,1.62924053973028,0.09531017980432455,1.704748092238425
New Zealand,NZL,10.1,80.9,2.17,8.97204113,81.4568292682927,2.889,93.0,97.41885,1.0999999999999996,4.1,1.1,1.1000000000000005,1.5539252025038417,0.09531017980432493,3.4436180975461075,2.186051276738094,10.382853468483827,2.0794415416798357,10.425282789490705,3.367295829986474,1.252762968495368,1.916922612182061,0.2750795213947188,1.9740810260220096
Niger,NER,5.16,58.8,7.49,4.45377159,58.693,0.026999999999999913,82.0,60.133309999999994,8.7,7.5,7.9,8.1,1.2669476034873244,0.262364264467491,3.1441522786722644,4.653960350157523,6.703188113240863,6.210600077024653,5.855071922202427,3.914021008090819,2.6878474937846906,4.850466541943434,4.115779842942166,4.820281565605037
Nigeria,NGA,5.07,60.5,5.84,3.34840417,51.94,0.42799999999999994,43.0,64.13783,9.9,9.9,7.5,6.0,4.653960350157523,1.0296194171811581,3.269568939183719,5.393627546352362,8.546946149565585,7.052721049232323,7.754052639035757,2.91235066461494,2.4932054526026954,4.784988612563928,3.6054978451748854,4.875197323201151
Norway,NOR,9.48,81.0,1.95,9.28297901,82.1,4.429,93.0,99.82749,2.5,3.7,1.9,1.2000000000000002,1.9387416595767009,0.09531017980432493,3.7062280924485496,2.066862759472976,11.03973275601109,1.0986122886681096,11.382828169079987,3.3843902633457743,1.252762968495368,1.33500106673234,0.09531017980432455,1.4350845252893227
Oman,OMN,2.7699999999999996,76.1,2.9,3.1374013400000003,79.03,2.162,99.0,93.88526,4.7,3.0,2.0,2.2,2.8094026953624978,0.09531017980432493,4.200204952921578,2.6390573296152584,10.721084386282662,2.772588722239781,9.867912187022208,3.742420221041966,2.0541237336955462,2.501435951739211,0.6495335482218811,2.5416019934645457
Pakistan,PAK,2.2,65.3,3.85,2.4889907800000004,65.374,0.818,69.0,65.75982,9.6,10.0,8.9,9.3,2.4765384001174837,0.09531017980432493,2.6741486494265287,5.602118820879701,8.361941906144946,5.356586274672012,6.947937068614969,3.0155349008501706,2.7212954278522306,4.359269647551265,2.884800712846709,4.533674184283021
Panama,PAN,8.1,77.8,2.62,6.91532087,77.365,1.588,80.0,90.58017,5.1,5.6,3.5,3.2,1.2781522025001875,0.6931471805599453,4.2626798770413155,3.970291913552122,9.642187721358466,3.912023005428146,8.997270906233448,4.37197629882038,2.0918640616783932,2.9069010598473755,2.0014800002101243,3.0301337002713233
Paraguay,PRY,5.87,74.1,2.73,6.62719059,73.415,1.2892656044790085,93.0,87.7094,6.5,5.9,2.2,4.4,1.9600947840472698,0.33647223662121295,4.027135812528651,4.007333185232471,8.89439598980643,4.2626798770413155,8.080546965824498,3.960813169597578,1.252762968495368,3.1654750481410856,1.667706820558076,3.2228678461377385
Peru,PER,5.08,77.9,2.54,4.90967321,75.26,1.307,88.0,92.54948,7.1,7.5,4.8,4.0,1.9035989509835904,0.33647223662121295,3.3603753871419,4.919980925828125,9.206432747145165,4.30406509320417,8.521384396034705,3.2108436531709366,1.840549633397487,2.9014215940827497,2.1972245773362196,3.0587070727153796
Philippines,PHL,3.61,69.0,3.16,3.70313668,69.311,0.589,80.0,95.36339,9.1,8.3,7.4,6.3,1.6524974018945473,0.09531017980432493,3.5779478934066544,6.304448802421981,8.630700432209832,4.672828834461906,7.664346632098617,3.6270040503958487,2.631888840136646,3.367295829986474,2.747270914255491,3.493472657771326
Poland,POL,7.46,76.3,1.4099999999999997,6.39059496,77.6024390243903,2.292,98.0,96.0052,2.3,4.4,2.8,2.7,0.9783261227936076,0.2154224633443263,3.716008121502189,3.1354942159291497,9.989711119284745,1.0986122886681096,9.441531454869693,3.763522997109702,1.252762968495368,1.791759469228055,0.4700036292457357,1.9459101490553132
Portugal,PRT,11.0,79.8,1.39,9.33570766,81.1219512195122,4.562,98.0,98.39988,1.5999999999999996,2.6,1.6,2.5,0.496523839055131,0.4700036292457356,3.4307561839036995,3.2188758248682006,10.211009016314167,2.4849066497880004,10.021315031649332,3.648057459593681,1.252762968495368,1.5260563034950492,0.5877866649021191,1.589235205116581
Qatar,QAT,1.8100000000000005,79.5,2.07,2.42293572,81.395,1.927,89.0,89.28562,2.5,4.6,1.7999999999999998,3.2,2.0769384114617173,0.09531017980432493,4.147885329150131,3.4339872044851463,11.736077016252437,1.945910149055313,11.160541302448653,3.2108436531709366,1.4003399147657025,2.2082744135228043,0.6125221924281667,2.302585092994046
Romania,ROU,5.58,73.7,1.59,5.0276823,74.909756097561,2.69,94.0,86.27801,3.5,6.8,2.7,4.1,1.5107219394949425,0.09531017980432493,3.5145260669691587,4.605170185988092,9.787009914477434,2.9444389791664403,9.015662792972645,3.6838669122903918,1.252762968495368,2.388762789235098,2.2925347571405443,2.5257286443082556
Russian Federation,RUS,5.08,69.2,1.57,5.1820941,70.7436585365854,4.12,97.0,94.3729,9.1,9.3,5.7,5.9,2.7212954278522306,0.21118973327819518,3.407841924380824,4.2626798770413155,10.047631185616188,2.833213344056216,9.278092474027002,3.095577608523707,1.252762968495368,2.2925347571405443,0.33647223662121295,2.3978952727983707
Rwanda,RWA,10.5,64.6,4.51,6.98448992,65.088,0.08899999999999975,98.0,98.84059,6.2,8.8,7.9,7.8,1.2837077723447896,1.4586150226995167,2.5649493574615367,4.23410650459726,7.208600337960199,5.71042701737487,6.335054251498059,3.4339872044851463,3.6402142821326553,3.9160150266976834,4.192680462942962,4.168214410788556
Samoa,WSM,6.47,71.5,4.34,6.36147165,71.142,0.32899999999999996,78.0,96.01723,5.2,4.5,2.1,8.6,1.000631880307906,0.5522433583947757,3.407841924380824,2.484906649788001,8.594339400592892,4.672828834461906,8.146419323098003,3.9908341858524357,1.6863989535702288,2.970414465569701,1.7047480922384253,2.990719731730447
Saudi Arabia,SAU,4.29,75.1,2.96,5.15800905,77.116,2.371,98.0,97.28258,6.4,7.4,4.6,4.8,2.9014215940827497,0.09531017980432493,3.92395157629342,2.5649493574615367,10.723289410218579,2.1972245773362196,9.867912187022208,3.5263605246161616,1.308332819650179,2.3608540011180215,0.8536938987776506,2.8154087194227095
Senegal,SEN,5.66,64.0,5.06,4.38962269,66.001,0.20740000000000003,89.0,73.74412,6.2,6.3,7.800000000000001,6.5,1.0473189942805592,0.33647223662121295,3.254242968705492,5.14166355650266,7.687538766201629,5.924255797414532,6.90875477931522,3.720862499966987,2.4932054526026954,4.001863709427935,3.9945242269398897,4.216562194946349
Serbia,SRB,10.4,74.7,1.4,8.85966778,75.3365853658537,3.03,93.0,96.24177,6.0,8.1,7.0,6.6,1.9286186519452522,0.09531017980432493,3.5234150143864045,3.6375861597263857,9.44943600950432,2.6390573296152584,8.596189197642735,3.8897773964808264,1.252762968495368,2.028148247292285,2.2925347571405443,2.151762203259462
Seychelles,SYC,3.4,73.4,2.17,4.43609142,73.2292682926829,1.849,99.0,94.46217,6.6,4.5,3.1,7.5,-1.6505798557652753,0.48778715112554566,4.551769409260976,2.5649493574615367,9.923339198238729,3.8501476017100584,9.287394001418473,4.6913478822291435,1.7749523509116738,2.740840023925201,0.9555114450274363,2.7343675094195836
Sierra Leone,SLE,13.099999999999998,55.0,5.2,15.11886978,54.281,0.16021072004818437,83.0,95.11907,4.8,6.2,8.2,7.8,2.9014215940827497,0.9555114450274363,2.8791984572980396,6.1224928095143865,7.107425474110705,6.71174039505618,5.991464547107982,3.56953269648137,3.186352633162641,4.919250732294404,4.001863709427935,5.081404364984463
Singapore,SGP,3.96,82.7,1.1499999999999997,3.87132597,82.4951219512195,2.15,96.0,99.69504,1.5999999999999996,3.1,1.1,1.7000000000000002,-0.04497336564273113,0.09531017980432493,5.303304908059076,3.871201010907891,11.185823192802378,2.302585092994046,10.74937727911096,5.1647859739235145,1.3117363582371215,1.308332819650179,0.3702606542319309,1.33500106673234
Slovak Republic,SVK,8.79,75.5,1.43,6.86543369,76.8121951219512,3.43,97.0,83.89503,2.3,5.9,2.0,3.3,0.3954147722546628,0.09531017980432493,4.3476939555933765,2.1400661634962708,10.134638955251866,1.791759469228055,9.717218213494077,4.366912996863833,1.9021075263969205,1.9878743481543455,0.6418538861723948,2.0794415416798357
Slovenia,SVN,9.41,79.5,1.57,8.58487225,81.0780487804878,2.775,95.0,98.14499,2.1000000000000005,3.9,1.4,2.3,-0.6866259635696796,0.09531017980432493,4.178992036282385,2.272125885509337,10.264687244346277,1.945910149055313,10.060534035475412,4.157319361383489,1.252762968495368,1.308332819650179,0.0,1.4350845252893227
Solomon Islands,SLB,8.55,61.7,4.24,4.88962364,68.984,0.18100000000000005,77.0,70.22557,6.4,6.5,4.9,8.0,2.0554049638515948,0.09531017980432493,3.9180050771056933,4.927253685157205,7.484930283289661,4.997212273764115,7.1631723908466425,4.409155302062135,2.995732273553991,3.2733640101522705,3.0917123578978285,3.370738174177447
South Africa,ZAF,8.94,54.3,2.59,7.87136555,63.184,0.74,85.0,84.35479,5.3,5.5,5.9,3.1,1.9947003132247452,2.9601050959108397,3.3877743613300146,6.976348070447749,9.392745258631441,5.093750200806762,8.893023494394711,3.3463891451671604,2.0014800002101243,3.7062280924485496,3.3638415951183864,4.001863709427935
South Korea,KOR,6.93,80.1,1.23,6.24487352,81.7219512195122,2.21,99.0,95.3693,2.1000000000000005,3.4,1.5,5.4,1.425515074273172,0.2443980930681549,3.919991175077323,4.454347296253507,10.322230781590136,2.0794415416798357,10.003378135350923,3.8543938925915096,1.252762968495368,1.5260563034950492,0.26236426446749106,1.62924053973028
Spain,ESP,9.54,81.9,1.37,9.1512289,83.2292682926829,3.781,97.0,99.47472,3.3,5.8,1.7000000000000002,2.2,0.14842000511827336,0.33647223662121295,3.2771447329921766,2.5649493574615367,10.389026137075234,1.6094379124341,10.332050506334692,3.3250360206965914,1.252762968495368,1.4816045409242156,0.6418538861723948,1.5686159179138452
Sri Lanka,LKA,2.9400000000000004,74.4,2.2,3.46786141,75.757,0.807,99.0,97.26222,7.9,9.3,8.2,6.4,3.169685580677429,0.09531017980432493,3.0252910757955354,4.31748811353631,9.054972284742485,3.1780538303479458,7.941295570906532,3.3250360206965914,1.9600947840472698,2.322387720290225,1.5686159179138452,2.501435951739211
Saint Vincent and the Grenadines,VCT,4.47,71.6,2.07,4.17431307,70.355,1.4711601556953948,98.0,90.44287,5.762684099522423,5.113661062782071,3.4884128391748273,6.093533957575807,1.6937790608678513,0.6931471805599453,3.32862668882732,1.7227665977411033,9.202409001649903,4.174387269895637,8.737292112544221,4.062165663857866,1.7227665977411035,2.954910279033736,1.2079846209755363,3.077312260546414
Sudan,SDN,6.32,66.3,4.88,5.67619705,63.99,0.3959999999999999,94.0,56.31639,9.5,9.7,10.0,9.8,3.0252910757955354,0.09531017980432493,3.0301337002713233,4.553876891600541,8.12296471523406,5.736572297479192,7.300472814267799,2.9014215940827497,2.2407096892759584,4.1956970564823886,2.4069451083182885,4.3528552573736015
Suriname,SUR,7.01,70.3,2.52,4.52127838,70.33,1.006,71.0,86.34084,5.4,5.8,3.0,6.2,2.1041341542702074,0.9555114450274363,3.979681653901961,3.6375861597263857,9.561067663645012,4.795790545596741,9.024131268455035,3.673765816303888,2.1972245773362196,3.095577608523707,2.0022890905391537,3.2228678461377385
Sweden,SWE,9.63,81.5,1.98,11.07212639,82.2536585365854,4.109,98.0,99.46083,2.1000000000000005,1.2999999999999998,2.3,1.0,0.6886370250820593,0.09531017980432493,3.8543938925915096,2.174751721484161,10.666650414667744,1.791759469228055,10.860939421415225,3.730501128804756,1.252762968495368,1.3609765531356006,0.4054651081081644,1.3862943611198906
Switzerland,CHE,11.5,82.2,1.52,10.6751194,83.1975609756098,4.125,96.0,93.77291,1.4000000000000004,3.6,2.1,1.2999999999999998,0.275356422761144,0.18232155679395468,4.174387269895637,1.9740810260220096,10.92415631759022,1.945910149055313,11.219909190927746,3.9945242269398897,1.252762968495368,1.667706820558076,0.0,1.704748092238425
Tajikistan,TJK,5.98,69.6,3.51,6.6654973,69.697,1.727,97.0,97.68778,6.8,7.3,4.8,6.4,2.6026896854443837,0.18232155679395468,2.766319109226186,4.812184355372417,7.65491704784832,3.091042453358316,6.6052979209482015,4.087655574071304,2.970414465569701,3.5263605246161616,2.6602595372658615,3.977810745966149
Tanzania,TZA,6.01,59.3,5.43,4.01492071,63.364,0.06000000000000005,97.0,83.32041,5.5,5.7,6.4,7.3,2.327277705584417,1.7047480922384253,2.9806186357439426,5.793013608384144,7.645397699428633,6.12029741895095,6.555356891810665,3.40452517175483,3.095577608523707,4.048300623720694,3.960813169597578,4.289088639014612
Thailand,THA,3.88,76.6,1.55,3.68448091,76.279,0.45300000000000007,99.0,95.34190227630228,8.9,8.5,6.0,4.3,1.6253112615903906,0.9162907318741551,4.212127597878484,5.123963979403259,9.510519035757246,3.5553480614894135,8.533263371593732,4.123903364463645,2.2192034840549946,2.5877640352277083,0.18232155679395468,2.766319109226186
Timor-Leste,TLS,9.12,71.1,6.23,7.59958553,65.027,0.6779999999999999,77.0,91.41095,7.7,6.5,6.8,8.7,3.3141860046725258,0.18232155679395468,1.1631508098056806,6.182084906716632,7.523481312573497,5.793013608384144,8.188966863648876,3.3603753871419,2.760009940032921,4.141546163706395,3.8066624897703196,4.152613470346076
Togo,TGO,7.65,58.7,4.87,4.90473413,58.776,0.04699999999999993,84.0,90.31769,7.0,4.5,7.1,6.5,0.7793248768009976,1.2237754316221157,3.7184382563554808,4.204692619390966,7.099201743553092,6.19644412779452,6.192362489474872,4.065602093356446,3.044522437723423,4.365643155423357,4.138361447638875,4.514150787600923
Tonga,TON,5.07,69.9,3.91,5.19583178,71.721,0.8228108479085339,98.0,85.94145,6.095350686484444,5.875451123936104,4.072138411292169,6.282234928456199,1.5432981099295553,0.43451801524041056,2.5952547069568657,2.5649493574615367,8.513385953073284,4.394449154672439,8.174984532943087,4.115779842942166,2.0948796971827535,2.5726122302071057,1.6094379124341003,2.91235066461494
Tunisia,TUN,6.21,76.9,2.14,6.45006084,74.784,1.253,98.0,97.80391,7.8,7.8,4.1,6.9,1.572773928062509,0.09531017980432493,3.9415818076696905,3.871201010907891,9.249657234353133,3.7612001156935624,8.328692583545568,4.030694535145645,1.3609765531356006,2.9601050959108397,0.5306282510621703,2.91235066461494
Türkiye,TUR,6.74,78.2,2.15,4.32517862,76.452,1.738,96.0,94.56716,7.7,9.0,7.5,5.0,2.080690761080268,0.2597193061911079,3.0633909220278057,3.1780538303479458,9.798182590890704,3.044522437723423,9.278092474027002,3.2771447329921766,1.252762968495368,2.70805020110221,0.6931471805599454,3.0007198150650303
Turkmenistan,TKM,2.5,67.9,2.83,4.25741673,69.001,2.002,98.0,94.51130787406524,6.8,7.1,3.9,4.6,1.1969481893889715,0.3846565932327497,4.3476939555933765,4.127134385045092,9.204422898212146,1.945910149055313,8.398634855292102,3.817712325956905,1.5260563034950492,3.7819143200811256,0.9548758534487309,4.143134726391533
Uganda,UGA,9.01,56.8,6.15,5.33653069,63.057,0.09699999999999998,85.0,95.49324,7.6,8.7,8.8,8.3,2.451005098112319,2.066862759472976,2.89591193827178,5.313205979041787,7.340186835320115,5.7430031878094825,6.39024066706535,3.3877743613300146,3.2108436531709366,4.11414718951828,4.11251186617755,4.406719247264253
Ukraine,UKR,7.72,70.4,1.44,7.19506168,71.803,2.936,23.0,91.66472,7.9,7.0,4.4,9.1,2.667228206581955,0.38539505912353794,3.8732821771117156,4.7535901911063645,8.964567702601611,2.995732273553991,7.9966538754626075,3.9531649487593215,1.252762968495368,2.379546134130174,0.0,2.5416019934645457
United Arab Emirates,ARE,3.66,76.5,1.87,3.53405499,81.99,2.232,99.0,90.21069,3.1000000000000005,3.9,2.2,2.8999999999999995,2.6026896854443837,0.09531017980432493,4.365643155423357,0.7419373447293776,10.961295207644392,1.3862943611198904,10.463131911491967,4.168214410788556,1.5040773967762742,2.186051276738094,0.0,2.2617630984737906
United Kingdom,GBR,9.64,80.3,1.92,9.97686195,81.3048780487805,2.738,95.0,99.89948,2.5,5.6,2.4,1.2000000000000002,0.9439058989071284,0.18232155679395468,3.374168709274236,2.484906649788001,10.49684202174171,2.302585092994046,10.568775236216993,3.459466289786131,1.252762968495368,1.7047480922384253,0.33647223662121295,1.824549292051046
United States,USA,17.9,78.7,1.93,16.1415844,78.8414634146341,3.516592855317785,95.0,93.2305,2.8,5.0,2.1,1.1000000000000005,0.7975071958841881,0.20606298253098365,2.5952547069568657,1.4586150226995165,10.807725945886109,2.8903717578961645,10.78727575364831,2.8213788864092133,1.252762968495368,2.0541237336955462,0.832909122935104,2.1162555148025524
Uruguay,URY,8.35,76.4,2.08,8.038908,77.194,4.008,95.0,96.62933,3.7,3.0,1.9,2.8999999999999995,1.776645831418007,0.2477514690772245,3.3068867021909143,3.5263605246161616,9.746892220313054,2.833213344056216,9.38437770918244,3.2733640101522705,1.252762968495368,2.33214389523559,0.18232155679395468,2.451005098112319
Uzbekistan,UZB,5.81,68.8,2.34,4.43092394,70.973,2.39,99.0,94.09132,7.6,7.6,6.0,5.1,2.8622008809294686,0.1596004534231904,3.487375077903208,4.406719247264253,8.352554369474591,3.4965075614664802,7.2305631534092925,3.3843902633457743,1.252762968495368,3.104586678466073,1.1136590595074702,3.6189933266497696
Vanuatu,VUT,5.25,63.0,3.5,3.64018846,70.043,0.16899999999999982,86.0,79.84105,6.4499072223308165,6.7831467702865895,5.571976581913231,6.905891438030878,1.2864740258376797,0.09531017980432493,3.8628327612373745,4.499809670330265,7.989899374942939,4.709530201312334,7.9966538754626075,3.983413001514819,2.128231705849268,2.9856819377004897,3.2846635654062037,3.407841924380824
Venezuela,VEN,4.91,75.4,2.47,4.855492499912256,72.837,1.664,78.0,91.56032,6.5,7.3,4.8,4.3,3.848017675452234,0.4054651081081644,3.3843902633457743,3.4011973816621555,9.711176264112805,4.897839799950911,9.510519035757246,2.9231615807191558,1.252762968495368,2.9601050959108397,1.4702383520281674,2.89591193827178
Vietnam,VNM,6.84,73.1,1.95,4.69078779,73.886,0.783,95.0,97.96511,5.1,6.5,4.7,5.1,2.5726122302071057,0.33647223662121295,4.290459441148391,5.327876168789581,8.409830673087738,4.0943445622221,7.1785454837637,4.396915247167632,2.2300144001592104,3.1354942159291497,1.4816045409242156,3.190476350346503
Yemen,YEM,5.18,67.5,4.67,5.8377471,68.003,0.27,70.0,85.43356,10.0,9.4,9.1,9.5,3.202746442938317,0.09531017980432493,3.4339872044851463,3.784189633918261,8.407601514786142,4.90527477843843,7.1785454837637,3.5667118201397288,2.562314105495968,3.906004933102583,3.535145354171894,4.048300623720694
Zambia,ZMB,5.89,52.0,5.4,3.82924223,60.109,0.09000000000000008,86.0,86.61205,5.0,5.7,6.9,6.6,2.70805020110221,2.557227311367626,3.6375861597263857,6.008813185442595,8.0959035329611,5.1647859739235145,7.2868764117507,3.462606009790799,3.6454498961866,4.152613470346076,4.232656178019613,4.432006566978902
