country_code,year,life_expectancy_who
TZA,2018,64.7929578
DEU,2014,80.7599266
ZAF,2015,60.0064828
PRT,2019,84.14959418
THA,2014,73.42810335
TLS,2018,69.95138121
PSE,2017,77.16864147
CMR,2016,61.60384814
AGO,2020,64.93312434
HUN,2020,79.026276
LTU,2015,79.52707199
RUS,2021,74.33863065
GIN,2017,60.25359445
CMR,2021,59.8869642
CRI,2016,77.56917021
SLB,2016,65.29462393
EST,2020,78.62190265
LSO,2016,49.94866988
VNM,2020,70.40857717
SWZ,2014,54.15615625
COG,2016,62.23005532
CZE,2017,75.97839125
BHR,2019,76.02945447
SWE,2021,82.6649092
AUS,2016,80.68949067
PHL,2016,73.30823759
MWI,2019,60.42691492
GIN,2016,58.46953572
TCD,2019,59.37353739
AFR,2018,61.8623864
HTI,2019,64.1641267
CZE,2021,74.0130921
ATG,2016,73.80225498
JOR,2021,74.56877782
DEU,2019,80.97360663
HUN,2021,70.94422835
GIN,2018,59.39370268
ZAF,2020,61.88282781
CHN,2015,76.5103545
NOR,2017,82.33383151
COG,2014,61.74484051
PRT,2018,83.91042383
MEX,2014,78.48297119
DOM,2014,73.26353439
SOM,2014,50.80564441
WSM,2020,70.19462777
BOL,2018,72.69070111
PRT,2014,80.89996435
ESP,2018,85.32106648
CIV,2017,59.96740946
PER,2017,80.84317963
CHE,2017,81.24246652
UKR,2021,66.33379842
PRI,2018,76.96291947
UKR,2019,67.98640316
AFR,2016,62.92447284
AFR,2020,63.96143556
OMN,2016,71.59688944
SYC,2021,72.56876431
QAT,2021,76.03086974
TON,2021,75.28993133
PRY,2018,75.22367023
AGO,2014,63.67359997
BGR,2016,71.27508544
CMR,2020,64.39062885
TKM,2017,65.62724888
SVK,2018,77.19646571
ESP,2019,85.66031336
LKA,2018,77.17579214
BDI,2021,65.94968708
KIR,2021,57.77699365
AGO,2020,60.40846427
SRB,2021,69.98961039
GEO,2019,69.09659935
CHE,2020,84.59757835
ISR,2021,82.38661981
LBY,2014,75.11566809
BLZ,2019,77.37712841
IDN,2019,71.40110181
NLD,2017,83.00502443
AGO,2020,62.64827403
TKM,2021,72.49741609
MDA,2015,67.16738065
BFA,2015,63.34433548
MYS,2015,72.49235
KHM,2018,71.97764534
CHN,2017,80.09300089
GRD,2020,72.85416597
ZMB,2017,63.42176445
BLR,2017,74.22729868
GLOBAL,2015,74.82386869
AUT,2016,79.08959175
UKR,2017,73.00099017
COM,2016,67.70212624
JOR,2015,78.50941007
CAF,2015,50.96983096
ISR,2020,82.36508912
TGO,2021,66.41721819
PAN,2015,78.14484121
UZB,2021,72.18877681
MDG,2020,64.28769762
VNM,2018,73.56096825
JAM,2017,69.42373307
MKD,2021,72.99535604
KGZ,2016,69.12318036
MAR,2017,74.41070874
AFG,2017,60.8752198
MKD,2015,73.42688551
PNG,2020,66.27049986
MUS,2018,74.02503816
GEO,2017,78.01528305
LTU,2017,80.12784417
NAM,2019,63.49265302
VEN,2018,72.81771282
MDA,2020,68.25799976
AZE,2021,72.9129401
VUT,2015,63.80625882
ROU,2016,75.08359177
PAN,2017,75.60326799
BHS,2014,69.54707012
KEN,2019,64.06662086
SDN,2019,70.54966599
ECU,2016,79.56290344
COG,2020,62.69563802
KOR,2016,85.6614299
MNE,2015,76.86028429
SSD,2020,58.94518456
BRN,2016,77.7233171
SYR,2021,72.43803165
SYC,2015,76.67292681
PRY,2015,75.16683709
BGR,2020,73.48961137
AFG,2018,60.48797975
SLB,2021,62.55214723
SUR,2018,76.11183948
ISR,2016,80.44277466
ITA,2021,82.19747411
MLI,2019,62.40969963
COL,2014,80.00462737
MNE,2015,74.16490775
TTO,2016,70.7416791
LBN,2020,80.39052819
LBY,2017,75.36329755
WSM,2021,71.58085255
SRB,2017,73.05284265
ATG,2020,79.43200511
TTO,2018,77.45199552
COM,2019,69.43352682
NAM,2020,63.75209779
USA,2020,74.38189335
MYS,2016,74.41949575
GMB,2021,64.21396887
JAM,2014,71.40686513
GEO,2014,72.72305539
MDG,2018,64.72204853
USA,2017,78.50077044
LCA,2016,76.20059158
MWI,2020,60.67491777
SWZ,2021,54.59266973
WB_UMI,2021,74.23577164
PAN,2015,75.39967288
OMN,2016,77.45604703
GLOBAL,2017,70.15250413
KHM,2014,65.56534833
CYP,2020,80.05497331
COG,2015,61.88280305
CAF,2017,54.69490432
SGP,2018,85.6235155
TUR,2014,76.74876869
KAZ,2018,73.16779578
FJI,2020,67.71119355
CHL,2014,79.93658439
BRA,2017,71.53944945
FRA,2018,79.57958954
TKM,2021,65.70659259
NPL,2015,69.77673885
ECU,2016,74.83353677
VEN,2019,68.37643356
BWA,2020,67.55566901
VEN,2015,78.27984587
ROU,2019,71.77610691
VCT,2017,75.50059568
RUS,2015,71.29790344
PSE,2015,76.3670455
RUS,2014,70.68556822
WB_LI,2020,64.20605991
CAN,2017,81.70954318
NLD,2015,81.28069061
CUB,2021,71.12595537
SYR,2019,69.17463554
PER,2016,81.83870811
FIN,2015,83.86458033
MNE,2018,74.26695223
COL,2017,77.7944403
BWA,2019,62.73558663
MUS,2015,77.46337652
BFA,2014,60.46448541
HRV,2016,81.3424127
CIV,2020,60.99898115
EMR,2016,69.2312657
SOM,2015,53.54338351
IRL,2018,83.41004657
NOR,2019,84.16421629
MDG,2018,63.71423448
HND,2018,71.31264864
GNB,2016,60.28526199
KEN,2018,63.62994007
SYC,2016,69.9849104
TCD,2021,59.08581443
BHS,2020,69.21005589
AFR,2021,61.7413082
SYR,2015,52.84617648
MNE,2019,79.72626097
THA,2018,73.63979218
LBY,2019,73.54365475
MDG,2020,63.07628383
IDN,2017,72.80875382
COL,2016,74.86992485
FJI,2015,69.94304103
FJI,2018,65.80868216
LUX,2019,84.7445609
KHM,2017,71.77867323
PAN,2019,78.97361247
NOR,2016,83.70290828
SWE,2015,81.74239456
MLI,2021,61.67398609
IRN,2021,76.40135855
BWA,2016,62.99012308
BEN,2014,62.37267295
AUT,2015,78.6069761
CAF,2018,55.28615817
PSE,2017,75.45369565
SLB,2021,64.79245685
EUR,2020,76.92095687
ARE,2014,81.37618421
LBR,2017,63.32039704
SAU,2020,74.9026608
HUN,2016,76.07385445
MLI,2021,61.08022019
PNG,2015,65.00629958
AUT,2014,83.46891877
PRK,2016,71.62258579
PHL,2015,69.51615532
DEU,2017,78.50647209
USA,2014,78.80026105
PRT,2021,83.88307768
IRN,2017,77.47896726
COG,2020,63.35937843
URY,2020,81.17369396
TUN,2017,79.56072663
LUX,2020,80.85064152
BHR,2017,74.92372356
BEN,2021,61.71936134
OMN,2017,74.14573276
TUN,2015,79.30168888
MLT,2020,80.19637925
SRB,2019,73.2561277
LBN,2020,77.70116098
RUS,2019,68.16534912
BRN,2017,75.15956566
CHL,2015,80.12508082
CAF,2019,50.31051517
SVN,2015,77.55910861
SAU,2014,77.22323995
GNB,2019,56.4136621
EMR,2021,66.92933735
COL,2015,79.9885466
IRQ,2019,70.25762098
SYC,2014,76.66004097
SEN,2019,70.28443603
SLE,2021,61.89026131
IND,2015,67.89522503
BRN,2015,76.55761257
VNM,2017,77.74297785
WB_HI,2015,77.91325574
KEN,2019,66.50141922
AFR,2019,62.26132274
FJI,2015,65.79628006
CAN,2016,81.74452018
VEN,2014,69.97916689
POL,2016,77.66853135
GRD,2020,75.35142309
FIN,2014,83.59062081
SUR,2014,69.96422454
MMR,2017,64.76363796
COM,2015,68.48322198
CZE,2014,75.68015592
UKR,2021,70.90674708
GTM,2020,70.95988885
SYR,2021,70.56090217
SEAR,2020,72.84887121
NER,2014,58.56140383
SYR,2020,74.54480055
CRI,2016,82.70925179
EGY,2021,66.6899896
ARG,2015,73.33043006
KAZ,2019,73.20279408
HUN,2020,72.37645571
WB_LMI,2018,69.2822965
GNQ,2015,59.99147965
KWT,2015,84.89554392
HRV,2015,77.60709528
BFA,2018,64.70996921
CIV,2016,61.62678525
GBR,2014,79.16711376
MEX,2020,70.94625179
PRK,2015,71.407681
SLV,2021,76.24875651
GNQ,2016,59.604683
BLZ,2018,72.11599062
AMR,2016,76.70935415
SEN,2016,66.14084303
CHL,2014,82.4781751
PAK,2014,66.2276814
CUB,2016,75.92566148
QAT,2014,78.07965998
DNK,2017,82.73893983
EST,2021,77.13131363
WB_LMI,2020,69.04426229
KWT,2021,81.75064092
MDG,2016,62.44500669
HND,2017,69.99942972
PNG,2021,64.20316779
MKD,2020,76.72549185
TUR,2017,74.54173707
CAN,2019,80.12488697
TGO,2015,61.52164894
PER,2016,78.47624687
LVA,2019,79.97065759
ATG,2015,73.79291126
JAM,2018,69.62501596
BLZ,2015,77.40925842
LVA,2020,79.86405958
MOZ,2021,60.54787171
MNE,2017,74.21692268
CUB,2019,77.66173555
CMR,2021,61.76934896
ISL,2015,82.12605142
PNG,2018,66.51753655
GAB,2015,61.57914986
FJI,2019,67.86595098
BLR,2014,78.36681768
BEL,2014,78.53436594
MMR,2014,63.93730984
GNB,2021,61.1022492
HRV,2017,75.19045711
DEU,2020,78.51577838
SVN,2017,78.00339284
SLE,2019,61.30133453
CPV,2015,71.87995021
COG,2017,62.84312978
SLV,2020,67.12666586
HND,2020,70.3347631
FSM,2021,68.65811813
SVK,2021,71.12508991
JPN,2021,87.15803555
STP,2021,72.81319018
KHM,2015,68.66739766
SVN,2021,77.53865791
ISL,2019,83.90044964
CHE,2019,83.47957563
AUS,2021,81.3088329
THA,2017,77.22944399
LBN,2014,78.22558226
POL,2017,77.56192606
PNG,2020,67.84084271
VEN,2020,68.01723212
CPV,2015,77.71554764
PRI,2020,83.64715791
PAK,2020,65.84948383
TUR,2018,75.00979639
MOZ,2021,57.66202708
ERI,2017,63.17091217
URY,2014,77.15013883
ALB,2014,80.12636552
NZL,2014,81.19298738
UGA,2019,69.30773512
TLS,2020,70.71957673
ITA,2017,80.39306635
VUT,2021,66.3483713
RUS,2018,67.50123441
GBR,2014,80.93676029
LKA,2014,72.99292073
ERI,2017,60.36108105
MLI,2015,60.63154328
PAN,2017,78.33177954
ZWE,2014,58.88913939
AZE,2020,67.52182835
DNK,2019,83.06299549
NPL,2021,68.26540804
LUX,2021,82.78028566
BWA,2020,65.16840503
TKM,2020,64.89433169
VCT,2015,72.79473614
PRT,2014,83.85616759
PER,2014,78.47263403
CPV,2014,71.73625434
HRV,2018,78.33929688
TGO,2019,63.64852176
MDV,2018,77.21252704
MRT,2015,69.47556756
PAN,2018,81.64181919
WB_HI,2018,78.25163885
MMR,2015,67.42672255
BRB,2016,76.32461251
WPR,2016,77.00014055
DEU,2019,83.186281
ARM,2018,70.97032846
WB_UMI,2018,72.55306401
BGD,2021,71.64660725
PRI,2016,76.97428746
SWZ,2019,59.37615097
LVA,2017,79.52690753
NIC,2015,75.62336911
SYC,2016,76.59586572
LBY,2018,73.52909525
VCT,2018,71.00240982
MKD,2015,75.34082067
PAK,2020,67.02987521
ARG,2019,77.01582731
BHS,2015,72.92357543
CHL,2021,76.68998706
MNG,2016,69.64443247
NGA,2021,64.77942703
WB_LI,2018,63.71209289
DZA,2020,75.15921358
UGA,2019,62.8214983
YEM,2015,66.14513155
BHS,2015,69.79919391
MWI,2020,63.46287777
SDN,2016,69.79466863
BGR,2016,74.77317639
WSM,2014,70.13172182
VNM,2015,68.7124022
IRQ,2016,67.53510132
BTN,2019,72.86801769
USA,2018,76.43795287
GRD,2016,72.49134059
GHA,2016,67.38636778
WPR,2014,79.97984687
GMB,2017,64.31746247
GRD,2015,75.56605558
KEN,2020,69.67346734
SAU,2020,77.92078278
WB_HI,2020,77.38933622
MDV,2017,78.16955603
IRQ,2016,74.68612033
DNK,2014,78.61687489
MAR,2020,73.86985157
JOR,2014,78.39096907
URY,2015,77.09925201
DNK,2020,83.16166983
PRI,2020,76.14090106
TON,2019,72.94212581
NIC,2020,71.71241065
BGD,2017,72.08322327
TON,2016,72.56032607
SWE,2016,80.36714012
GLOBAL,2015,72.18568947
COD,2018,63.60932257
NGA,2018,61.26091993
ATG,2016,75.54812509
CZE,2017,81.69092888
ESP,2016,80.0420428
SVK,2020,73.48147988
LBR,2021,64.26883806
NZL,2018,83.36205057
GNB,2014,54.70521169
WPR,2016,73.92346253
ECU,2017,77.31252311
TTO,2018,70.59042495
IND,2018,68.87555599
LSO,2014,46.03257198
BTN,2018,74.94852418
ZWE,2021,58.48102238
NGA,2020,64.43518594
TUR,2021,72.53640214
BEN,2020,64.40363479
BIH,2015,74.52760304
MLT,2017,82.05744637
COD,2019,64.08077318
TON,2021,72.72088222
ATG,2018,74.02402622
LBN,2018,79.36847038
DZA,2014,75.93393131
SAU,2019,76.45406338
SSD,2021,60.61474174
PHL,2019,73.21518621
COG,2018,62.71322436
IRN,2018,76.26902586
ISR,2017,84.23610352
PNG,2018,65.44844312
COM,2018,68.19621524
CHN,2019,77.31273653
WB_LMI,2016,66.91840776
CZE,2019,76.30310569
CHE,2018,81.52853149
POL,2021,79.39878959
SLB,2018,68.17591111
MRT,2016,69.64545325
ARE,2017,80.92702059
CUB,2014,78.1433227
MYS,2021,70.63625944
CHL,2019,78.66286141
THA,2020,76.50524949
SLB,2015,62.85393319
SVK,2015,80.01781693
MDG,2015,62.32660335
UKR,2018,72.71826067
KIR,2014,64.81259393
JOR,2018,79.67533655
LKA,2015,76.44590803
MAR,2019,72.85219348
PHL,2021,63.397904
VNM,2019,73.71007094
DEU,2021,82.85918032
TUN,2019,79.98849759
ESP,2018,80.15362426
ZWE,2019,56.89891029
TUR,2019,77.61966184
CYP,2018,82.05668584
IRQ,2020,73.82694404
MDV,2014,75.27055695
TUN,2015,76.78627015
LAO,2019,66.14369168
PSE,2020,75.1341365
LVA,2014,74.4358747
ESP,2020,81.92498871
ALB,2015,76.02285855
MDA,2017,72.85856435
QAT,2020,78.77670576
PRY,2020,75.24817035
MDA,2019,73.32010877
LCA,2015,72.83655011
JOR,2021,76.98049856
MEX,2015,75.93967708
IDN,2018,72.99956688
CMR,2016,59.79056297
DZA,2018,76.12985521
POL,2014,73.57068412
COM,2020,68.30703432
JAM,2015,75.00771057
MAR,2021,71.5359536
AUS,2020,81.50154912
KHM,2016,71.57463845
LUX,2015,82.3849065
ROU,2020,70.30228895
WB_LI,2020,62.04739003
TGO,2020,61.33343341
ARM,2018,75.62030513
CHE,2018,84.95543679
SYC,2014,73.23814592
DEU,2018,78.42352941
LKA,2019,80.33001892
MKD,2014,73.23054172
GTM,2018,70.21932716
CHL,2016,82.88088496
IND,2020,70.1869093
PRK,2019,69.34481232
SLV,2021,71.66703998
JOR,2020,77.55988721
KGZ,2020,67.84037894
VUT,2016,63.90912364
BRB,2014,75.07812414
URY,2016,76.84527198
KIR,2016,58.48817254
SLE,2017,59.97648447
COG,2019,62.75844008
CHE,2021,81.48440921
PRI,2017,81.7659279
RWA,2017,65.35537217
TCD,2016,59.76049635
COG,2021,63.17262301
MDV,2018,78.67792046
LAO,2015,64.66146714
MDG,2021,61.86037197
GNQ,2019,59.88290187
MYS,2017,72.68496902
PER,2015,81.94680531
ITA,2015,82.20433624
HTI,2016,63.11142345
MAR,2015,73.26259745
ESP,2019,80.53744655
RWA,2021,65.44899108
SEAR,2015,71.92408266
SWZ,2014,48.08523003
GUY,2016,70.91045823
GMB,2015,61.87149352
GLOBAL,2016,75.07098838
DOM,2018,70.38140483
GEO,2016,72.63239027
IRQ,2018,70.41628421
BGR,2015,78.03978724
PRY,2016,72.11745086
IRQ,2018,73.06286041
GRC,2021,81.95119556
PAN,2019,81.85566499
NPL,2020,72.99390367
KEN,2016,67.52974996
SEN,2021,67.79198263
USA,2020,79.50562761
VNM,2014,77.40416308
LCA,2017,76.138896
EUR,2017,74.45484928
TUN,2018,79.76295975
LBN,2017,81.32461399
BGD,2014,74.00528111
AUT,2017,81.38857295
PRY,2019,72.18344057
RWA,2014,68.47845012
UZB,2018,73.56995769
WB_LMI,2019,69.57356781
ALB,2016,77.87870915
BWA,2018,66.60113571
AZE,2015,71.67624306
AFR,2017,63.36220568
IRN,2021,74.71077692
WB_LI,2016,65.19515941
CZE,2014,81.61625463
DNK,2020,79.56240544
BHR,2019,75.38745199
DNK,2018,79.02367711
AGO,2016,59.48618868
MUS,2018,70.85811041
PAK,2017,65.62912396
GUY,2014,69.96907386
MYS,2020,78.61255709
URY,2017,77.33933717
GRC,2019,78.7970393
PAN,2019,76.19820779
STP,2020,73.0644237
MLI,2014,59.29738335
GIN,2015,57.82797481
TLS,2019,68.49880356
TZA,2015,65.15719683
SUR,2015,69.98430357
PRI,2014,83.08206749
RUS,2014,65.03989237
LSO,2015,46.29348083
HTI,2015,62.5149437
AZE,2015,73.62700051
IND,2014,67.35249858
KOR,2019,80.55797911
URY,2021,78.74074445
PRI,2021,79.90294803
FSM,2016,62.8571699
ECU,2019,80.22590365
GHA,2020,66.18136667
CPV,2018,73.8583216
BOL,2019,72.02745818
AZE,2019,78.08531304
JOR,2018,79.63154866
WPR,2018,77.3741563
WSM,2018,70.09269594
FJI,2017,70.0687841
NER,2019,60.57303502
PAN,2018,75.78783673
MNG,2015,73.59778296
MOZ,2017,57.33253714
GEO,2018,69.10967717
MKD,2017,75.98451895
LBN,2016,78.81840788
NAM,2020,67.11462629
BFA,2019,65.06135687
NZL,2020,84.26538064
CHN,2021,80.52324523
BHS,2014,72.64786335
PAK,2019,67.7864406
VUT,2014,66.71134263
BWA,2017,64.01180659
KIR,2021,60.87345633
OMN,2014,73.9416621
PER,2017,77.8534967
MDV,2015,77.25297582
HRV,2018,75.24162376
ARM,2021,68.59850963
KIR,2020,58.48495276
GHA,2019,65.97133363
KWT,2015,81.44722022
PAK,2021,65.99092295
COM,2017,69.0194309
TUN,2014,74.31676539
STP,2018,69.97173825
NER,2018,59.56258064
URY,2019,73.35699132
MEX,2015,78.5410638
USA,2016,76.37167485
BGD,2021,73.10251672
SEN,2014,68.4475013
MMR,2014,67.0395851
ETH,2016,65.88163244
CPV,2021,73.16097765
COD,2021,63.9117742
ESP,2021,79.98630023
POL,2019,81.49692483
SUR,2016,76.06941035
HRV,2015,74.54938447
JOR,2017,79.58326759
CMR,2014,58.43615921
STP,2014,70.26367532
LAO,2015,66.87363139
IDN,2020,69.70367312
AFG,2014,59.66268077
SYC,2021,74.01196664
WB_LMI,2015,70.3579557
GTM,2019,75.20206151
TUR,2018,80.08020229
BRA,2021,69.04410946
BHS,2014,75.69408629
SYC,2019,73.12375678
BLZ,2016,71.55323347
KGZ,2017,76.40308483
LSO,2017,51.05416565
MRT,2014,69.29386756
SOM,2015,51.26942495
SVN,2016,83.67828909
DJI,2016,64.3388502
NIC,2015,80.69718423
QAT,2018,78.23394922
JPN,2021,84.46067178
SLV,2014,73.8558025
BTN,2015,74.24073046
GNQ,2014,60.30341517
KIR,2016,61.75804085
ETH,2019,68.84848169
CAN,2014,79.65219763
TUN,2017,74.61286009
NAM,2017,62.37183813
NAM,2021,60.35994599
KAZ,2021,73.93874626
UZB,2017,70.40271496
BWA,2019,64.91884565
GUY,2021,66.0777533
GMB,2016,66.04930024
ZWE,2016,55.79677734
WB_UMI,2018,78.58336969
PER,2018,77.50992049
TZA,2020,69.12504947
DJI,2019,67.26533545
TKM,2014,68.91649587
SVN,2015,83.29663441
SEN,2021,69.4721467
SWZ,2016,53.13250876
JAM,2015,69.69239935
NGA,2019,61.6763007
MLT,2019,80.31026611
KAZ,2015,76.21313658
IDN,2021,66.41327031
GHA,2014,66.5599189
MEX,2018,78.92788819
CHL,2020,77.31599017
GIN,2021,59.94664411
WB_UMI,2014,71.5024955
YEM,2016,70.275108
TUR,2020,76.17525576
BHS,2015,75.97452567
VUT,2017,66.98064455
MDV,2014,76.80961188
PRY,2019,75.07903551
NER,2021,59.97070525
JAM,2020,72.64037778
LBY,2014,70.24648343
VEN,2020,72.40374475
SYC,2020,77.26435364
BLZ,2021,75.44019276
ISR,2016,83.91589195
ISL,2014,83.51930415
SLB,2018,65.55013712
AGO,2017,62.03682911
ZMB,2018,59.07181004
RWA,2021,69.40378338
SDN,2018,68.14219734
BGR,2016,78.38294235
POL,2018,81.36355456
KGZ,2020,75.08209805
ISL,2021,83.8896676
CRI,2021,75.8768644
EST,2016,73.21819164
GNQ,2020,61.15866176
MKD,2015,77.27532673
PRK,2015,68.38717277
ZAF,2014,59.5406069
MWI,2015,64.87022428
FSM,2020,65.67162273
MUS,2018,77.32586145
KIR,2020,65.25173239
JOR,2019,80.34465978
MNE,2015,79.43681387
IRN,2016,79.01030391
GLOBAL,2014,69.35405152
GUY,2018,72.01353663
VUT,2019,67.13030878
DJI,2017,66.44386093
KIR,2015,58.43414795
AFG,2019,61.22381311
GIN,2016,59.83918056
SAU,2021,77.36849779
PRI,2021,76.19514818
MEX,2014,73.31550482
SAU,2018,76.42424095
PRY,2015,78.09122069
SLE,2020,61.59923854
SOM,2015,56.00187691
GEO,2014,68.35369007
WB_UMI,2014,74.53468804
LVA,2019,71.0508773
MNE,2014,76.62030337
IRL,2015,79.33847643
STP,2021,69.59341497
NPL,2016,70.59248
PAK,2017,66.3818317
UKR,2016,67.71256992
BFA,2020,65.47294712
CRI,2021,78.63053412
KAZ,2018,77.09111278
FSM,2016,68.41023884
EUR,2021,79.29950362
HUN,2018,79.36856917
BIH,2020,73.033732
PHL,2014,69.80391436
BDI,2018,62.05013551
MYS,2019,74.68410362
CIV,2017,65.0412153
NER,2017,59.33291876
PAK,2015,66.5392574
CAN,2021,79.37275984
BHS,2019,73.25847506
FRA,2019,85.15298995
BEN,2018,63.73859672
IRN,2021,73.08422156
VNM,2016,73.21381033
ARG,2018,73.74441906
GTM,2016,69.53013039
UKR,2020,77.21837393
CPV,2019,69.71186175
NAM,2016,65.00569919
MLI,2014,59.77561439
GRD,2018,70.43170556
CUB,2016,78.14353782
SVN,2017,80.7898907
KOR,2017,83.09217588
ARG,2017,73.58865166
LSO,2020,55.13925805
CPV,2019,74.05989707
SGP,2020,83.99653626
BLZ,2020,76.6539801
IDN,2014,70.30298584
EMR,2017,69.50810208
BLR,2021,78.13226391
AGO,2015,64.12377474
GTM,2021,71.89797363
LBY,2019,75.70240825
DZA,2017,76.04556572
PRK,2016,74.51348035
ARG,2021,74.56898059
COL,2015,77.34484367
ARG,2017,76.64354126
MNE,2020,78.53351423
TLS,2021,69.56258071
SEN,2019,68.76445374
ARE,2020,80.1312721
EGY,2019,71.58973358
HUN,2021,77.82603653
PER,2016,80.1644759
SEAR,2018,71.0517579
MOZ,2015,58.81011374
SLB,2016,62.99901612
BEL,2014,80.94130643
SUR,2020,72.80157877
DOM,2019,77.18205415
ISR,2021,82.09316588
CAF,2020,56.03224454
GRC,2016,82.90991921
LUX,2019,80.8268954
UZB,2014,68.81484391
PRK,2016,68.62002772
UGA,2018,69.02362875
LSO,2020,51.85352687
DEU,2015,82.71380523
NZL,2014,82.87231401
ALB,2016,76.03946217
MWI,2014,58.43944577
SEAR,2016,72.2442062
ALB,2021,74.36082354
WB_UMI,2016,71.94696743
NZL,2017,82.81933037
BGR,2014,74.40807537
BHR,2015,75.15640147
BIH,2020,78.47855824
MNG,2020,76.9941851
ATG,2018,75.62352245
DNK,2019,79.48921177
ATG,2021,76.91527032
CYP,2014,83.94349834
AFR,2020,62.00152925
SLV,2015,72.73292352
WB_UMI,2017,75.28837476
BEN,2018,66.15166505
PSE,2016,73.24570278
MLT,2015,81.67976101
GNB,2016,58.02773484
ARE,2018,80.75667446
ALB,2019,79.87257128
BRA,2014,74.63621389
WB_HI,2015,80.39036377
GTM,2019,70.19417015
SLE,2020,59.42231268
WPR,2017,80.5227962
TUN,2018,74.79745811
GIN,2017,61.43767666
GEO,2019,78.44456013
GBR,2015,78.93371868
CZE,2020,78.12978194
PER,2021,68.81771054
KEN,2019,68.99106277
EUR,2019,81.134868
ARE,2015,80.37904692
VEN,2018,68.49800453
WB_LI,2016,62.96122947
MEX,2016,78.52452539
FRA,2014,82.2489409
BGR,2018,71.42743688
MEX,2018,72.92392214
MMR,2021,71.14628098
BWA,2014,63.20102291
LSO,2019,54.91408404
STP,2019,70.1583252
MLI,2019,61.27739131
EGY,2019,68.97361605
CUB,2018,80.24042835
KAZ,2017,68.66785994
MRT,2018,69.9973737
SEAR,2017,69.12916915
GUY,2020,63.80759167
BIH,2019,77.09808482
GBR,2017,79.19802898
ROU,2018,75.12257592
MLT,2016,83.72619129
MNG,2015,65.15879374
CPV,2020,69.08523666
IDN,2015,72.32140189
BEN,2016,63.0021663
IDN,2021,70.17754001
BGR,2018,74.85071858
BGD,2015,72.06823574
TCD,2014,58.91443156
SRB,2018,73.33789184
PRY,2020,72.44496856
PRI,2015,83.79397595
SWE,2018,83.78001337
KOR,2019,86.5646373
ETH,2014,66.55987824
FRA,2018,82.37708106
DOM,2018,73.52093617
SOM,2016,51.63684794
EUR,2017,80.71166296
EUR,2015,73.72816809
EUR,2018,80.83737385
HND,2016,69.81257612
MNE,2016,77.06052079
EUR,2014,73.48490122
ZAF,2020,64.30356494
LBN,2015,78.43741249
BDI,2014,62.32268744
GRC,2021,79.59785025
BLZ,2019,72.54915078
BTN,2020,75.9050448
AFR,2021,63.55243899
NOR,2014,79.94443491
SEN,2020,66.59261465
BRB,2015,75.12267091
GRD,2016,70.09838641
PRT,2020,80.81837464
TJK,2018,75.1254838
PRI,2015,80.5149692
BRA,2019,72.22425432
IND,2019,72.41190387
SLB,2017,63.10897273
SEN,2014,66.97585439
CHL,2019,83.34172512
VEN,2020,77.16282403
NER,2018,60.43807872
HUN,2017,75.90176306
FRA,2019,82.52902201
MNG,2016,65.53425557
BHR,2021,75.09466059
LBR,2015,60.06257921
EMR,2014,70.57517601
IDN,2020,71.89044583
ARE,2018,81.16639668
WB_LI,2019,62.10075747
KWT,2015,79.23096715
SLB,2017,68.04044253
STP,2014,68.88490517
PHL,2018,69.67627942
MNG,2016,73.98850966
PAK,2015,65.69975806
NZL,2019,80.16043429
CAN,2016,83.58934542
SSD,2018,56.69869849
ESP,2014,85.21380126
NLD,2014,81.45622695
STP,2019,71.65568515
NAM,2018,59.35141992
BTN,2014,72.91360226
NGA,2016,60.58959991
SAU,2016,76.75114086
WSM,2015,71.37092505
GTM,2021,65.64514615
GNQ,2015,62.16046469
GAB,2015,64.00078432
CZE,2014,78.68016445
ESP,2015,84.93946501
TCD,2021,60.66775459
ZMB,2015,60.4135173
NZL,2021,84.01453759
DJI,2016,65.98298287
MDA,2014,67.18429285
SLB,2014,64.95591891
RWA,2020,70.25443075
BRB,2021,76.8418344
TUN,2020,77.12175333
UKR,2020,67.57098083
KAZ,2015,67.40502866
FSM,2017,62.98736503
TLS,2021,67.99671222
TON,2020,76.11685693
PNG,2021,66.9452903
EMR,2019,68.70248344
PAN,2020,77.34684989
CIV,2019,63.48479652
NOR,2015,83.6746066
CRI,2017,82.67328601
MLI,2018,61.88139379
TCD,2018,57.478741
MMR,2021,67.84580637
RUS,2019,78.00425983
SYR,2020,71.99813819
WB_UMI,2020,74.89743849
NPL,2019,69.55633104
LUX,2016,84.48983327
GMB,2014,61.64615877
KWT,2017,86.25924006
BLR,2020,78.26964702
TKM,2015,72.30973589
SDN,2019,68.35062978
BEN,2017,60.99888714
SUR,2020,76.30794293
VEN,2017,68.70067112
ECU,2019,75.32364072
EMR,2014,67.19369582
CRI,2015,80.57423676
HND,2019,71.43843431
TON,2020,73.18678447
PHL,2018,73.4584067
KOR,2018,86.02887115
MDG,2016,63.46510267
WSM,2020,71.73158651
ATG,2018,77.01838174
ALB,2018,77.93851855
EGY,2018,71.35791195
JPN,2020,84.66324868
SAU,2014,78.29621801
MAR,2018,72.74164376
ZMB,2017,61.28533224
EMR,2014,68.82634221
EST,2021,81.19586305
LBY,2017,73.15169822
ROU,2018,71.46308707
IRN,2019,79.40100875
ZWE,2021,56.19460869
BHS,2017,73.21936648
UKR,2019,73.00449182
FSM,2019,63.28102383
MKD,2020,74.37069175
CUB,2018,75.55374943
WB_HI,2016,83.05388213
BGD,2016,73.44362068
SEN,2019,67.08427725
BHR,2014,75.64496177
GUY,2016,64.34995059
AFG,2015,61.49359656
CIV,2018,65.66438966
ITA,2020,79.7608926
LBR,2016,61.65518424
TUR,2019,75.0887461
AZE,2020,71.43112767
MDV,2015,79.21913295
NGA,2015,60.20088952
SYR,2021,74.3900932
PRY,2018,78.17311793
KIR,2018,64.71022773
NPL,2015,68.1425351
GTM,2021,68.69573697
HRV,2020,77.86469683
NER,2019,61.52122264
JPN,2015,83.99957263
LTU,2014,74.49843919
PRI,2016,83.37869963
COG,2021,63.7945013
DOM,2017,70.17130921
ETH,2014,64.88790296
LUX,2020,82.82955161
WSM,2019,69.99170791
ZWE,2018,60.66818394
BTN,2014,74.06622515
BGR,2014,77.87752325
BFA,2021,62.29728841
UZB,2021,70.16406152
UGA,2021,68.9808287
BLR,2016,78.88104449
MLI,2017,61.48831136
BRN,2019,78.15715385
BGR,2021,71.30586
SRB,2016,75.67951218
MWI,2016,65.24444223
SOM,2016,53.9446075
WB_LMI,2021,65.33251985
COM,2014,65.99997003
AMR,2015,74.13609065
CRI,2021,81.50602905
COD,2019,61.83901232
TON,2021,70.21465679
GAB,2021,65.09380891
YEM,2015,70.3807173
GAB,2020,68.05503406
ISL,2019,81.10092217
SEN,2017,68.11975233
KWT,2014,84.53564848
FRA,2020,81.87409035
NZL,2016,80.10046692
BRN,2021,78.56670577
PER,2018,78.99013811
JAM,2016,69.59322352
DEU,2016,78.35184162
JAM,2016,75.2312798
TJK,2014,73.89104445
COG,2017,63.19296014
LCA,2019,72.5305598
JPN,2018,87.05557891
THA,2020,73.23530393
GRD,2018,75.53801059
GUY,2017,71.51882469
LVA,2021,77.89727935
UGA,2017,61.81729071
DOM,2017,76.93329049
IRQ,2016,71.1253103
KEN,2016,62.60123826
DZA,2021,76.63874776
VUT,2018,64.02998651
ECU,2015,77.15293465
DZA,2020,72.97748221
LVA,2015,74.8108617
HRV,2014,78.05645984
ARM,2020,62.7331864
DJI,2021,63.04217767
ISL,2016,83.64250607
TON,2018,70.27688703
AFR,2015,64.36441282
JPN,2014,80.84659743
CHN,2018,74.38892389
BEL,2016,81.07460591
ESP,2017,80.07545191
ALB,2014,78.01445206
AUT,2018,81.42361625
GAB,2019,62.60958452
BEN,2017,63.34863103
SEN,2018,66.79409324
CHN,2017,74.15977494
GEO,2014,76.98405843
GRC,2018,81.05191982
DOM,2014,76.83606219
COM,2021,67.4970386
BFA,2016,58.87874306
KIR,2017,65.03646385
RUS,2018,72.66311936
SOM,2016,56.44009449
PRT,2017,83.97663525
SEN,2020,68.56112195
WB_LI,2020,66.38332427
MEX,2019,75.8344286
SRB,2020,71.48874247
BRA,2020,74.11393563
SAU,2021,75.7321027
CMR,2017,60.64260038
LTU,2019,76.24761609
FIN,2015,78.48769537
BIH,2017,74.91483188
MEX,2020,75.09246369
VCT,2020,75.56511994
MWI,2016,59.24498094
VEN,2021,71.22082891
ROU,2015,71.37523244
ISR,2021,81.74464677
MDV,2016,77.72035574
COL,2016,77.57662615
KGZ,2018,69.66500342
SSD,2014,59.09264997
ATG,2019,74.0482574
GEO,2020,68.32764147
BEL,2017,81.1512532
SWE,2019,81.167954
GBR,2021,80.10062783
SEAR,2016,70.51674285
DEU,2014,83.06525112
NOR,2020,81.31818645
UZB,2015,67.1117981
CHL,2021,81.42331442
HUN,2018,72.6429573
PHL,2019,66.04864352
GNQ,2016,60.85942801
CYP,2014,81.84705653
VNM,2019,69.5096504
NOR,2021,81.50302217
NAM,2018,62.82854728
LBR,2014,58.02219712
CRI,2018,77.67558091
TKM,2015,68.83222809
PNG,2014,65.75249158
NOR,2017,80.77622349
MRT,2014,69.27692167
GLOBAL,2015,69.62753756
ARG,2016,79.18744687
ATG,2015,75.61540401
NER,2020,59.23802406
THA,2021,71.76037025
EGY,2015,67.50023556
MEX,2019,78.89055151
GLOBAL,2021,68.89192705
MRT,2017,69.73990751
FJI,2014,67.72103011
MNE,2016,74.20702713
GIN,2019,62.35581084
LKA,2019,74.31605462
BWA,2015,63.90389304
BTN,2016,73.28424565
MEX,2015,73.32496192
MYS,2014,76.71751251
SYR,2019,65.37072192
GEO,2016,77.22910417
SDN,2019,69.46506253
BRA,2018,71.93983685
PRK,2017,71.92237066
TUN,2020,74.70563933
GUY,2014,66.55197342
SAU,2017,76.43989666
BRN,2016,76.41822612
SSD,2016,61.27711035
BRA,2020,70.67156046
BRN,2020,78.29446762
NIC,2016,77.92580193
VCT,2015,70.60001746
YEM,2018,63.16208768
MKD,2014,75.25754035
CAF,2021,49.57149039
AZE,2018,77.52008302
FRA,2021,84.6861417
JOR,2019,79.72852788
LSO,2015,51.69732437
TLS,2015,66.42465529
SLE,2018,60.7696505
MYS,2014,72.94124667
ARG,2020,76.22884718
QAT,2021,76.7101384
MOZ,2015,55.85530982
SRB,2019,78.46102701
LAO,2018,68.05389772
CPV,2014,74.86891105
TZA,2021,65.23878398
VNM,2019,77.99629809
SDN,2014,69.24778387
OMN,2014,71.82010186
CAF,2017,51.26742466
ITA,2018,84.76618615
SYR,2016,70.32472717
DOM,2021,73.32102758
KHM,2018,69.35586113
BGD,2018,74.98281236
MDV,2014,78.79082397
KIR,2021,63.95900121
IRN,2015,77.27827213
PSE,2014,72.40557778
WB_HI,2017,80.58823029
BFA,2016,63.73359272
AUT,2015,80.98621911
ISL,2014,80.6440713
ISL,2017,82.27340584
AZE,2014,74.65631741
GIN,2018,61.81988032
ARG,2021,71.59453095
BEN,2016,60.64748058
WB_LI,2014,64.27935275
ECU,2014,74.38904772
MRT,2021,69.36220641
SVK,2017,77.09456027
LBR,2015,60.37754989
IRN,2019,77.78361908
DNK,2021,82.90091898
ITA,2020,81.93997914
LKA,2018,80.0942993
HND,2015,71.88743309
NGA,2014,59.79643643
DZA,2014,75.63397737
BEN,2015,65.04980155
CPV,2019,78.2256663
LVA,2016,79.53983969
TLS,2017,68.23558592
ZAF,2018,68.30577323
CUB,2016,80.44307494
ARG,2021,77.57790712
TTO,2015,74.35412517
CPV,2017,74.91155361
VCT,2021,72.55709418
JPN,2019,81.70268397
MNG,2017,70.09899409
AFG,2020,59.33504278
UKR,2014,76.08664407
EMR,2015,67.30536851
FSM,2014,65.26774587
CZE,2021,80.27144322
AUT,2021,83.30324613
BEN,2017,65.75690777
TON,2018,72.84423109
CMR,2020,62.18085382
ALB,2021,78.6123883
BRA,2017,74.98912241
KEN,2021,69.21556653
DZA,2021,75.50643476
TJK,2019,72.28292306
GNQ,2019,61.38714512
ISL,2015,80.65455941
AZE,2014,70.73992058
ARM,2014,74.19757704
KEN,2017,68.14162501
ARM,2019,70.81724463
KWT,2019,86.43459677
VNM,2018,69.33953152
ESP,2020,79.31605523
GBR,2017,82.61752949
DZA,2014,76.45753672
HTI,2017,63.2460029
JOR,2015,78.98944897
AFG,2021,60.98603789
SUR,2017,70.28839556
MDA,2016,67.79445083
CHE,2014,80.83708046
WB_LMI,2020,66.96124544
NPL,2017,70.84484004
FIN,2021,84.0616354
EST,2017,78.2161445
RWA,2020,68.26351399
CPV,2015,74.82831017
SOM,2019,55.21397342
LBN,2019,81.46533373
SSD,2014,61.31241349
BRB,2020,78.59215056
DNK,2014,80.51401409
SLB,2015,67.79097179
GTM,2017,72.69594645
OMN,2021,72.47676726
MKD,2018,76.46395817
BDI,2021,62.04709297
BWA,2020,62.68744327
BWA,2014,59.43840968
SUR,2019,69.9886663
PRT,2018,78.02010294
ARG,2019,79.91026128
PNG,2019,66.67377821
SYC,2019,76.65300423
CIV,2021,63.5174083
ARG,2014,79.65047524
NAM,2015,61.8615054
TJK,2014,70.24014041
UZB,2015,69.42591804
NIC,2015,78.26048387
WB_LI,2017,61.0571166
SSD,2014,56.89529775
COD,2014,59.46084106
BEL,2014,83.27119692
CRI,2014,78.08281457
CAN,2020,81.29950989
ETH,2021,69.74860163
COM,2017,66.6678842
WB_UMI,2019,72.73311728
EMR,2015,70.68140443
BFA,2019,62.61228276
TTO,2014,74.31626767
DEU,2020,80.79637728
NER,2021,60.93901222
MDV,2021,76.59470056
AMR,2019,74.41702666
SVN,2014,83.52849775
ROU,2019,79.23492015
CHN,2020,77.48113543
BGR,2015,71.17438409
FJI,2018,67.86709271
LSO,2021,54.60295142
MLI,2018,61.31661022
AFR,2016,61.01339287
ERI,2015,59.62831674
GRD,2016,75.34926635
CAF,2017,48.31672349
BDI,2020,66.6720934
CYP,2021,83.96356978
PRY,2015,72.39058734
KAZ,2020,67.03899862
ERI,2016,60.03274719
BOL,2016,71.32068712
LBY,2020,70.37431397
PAK,2019,67.02931501
MUS,2021,73.41967032
BEN,2014,60.01569183
HRV,2019,81.58887521
JAM,2014,75.11903731
HTI,2021,61.69967338
MOZ,2020,61.80654711
CYP,2019,84.15618588
ARM,2019,79.78818383
BDI,2017,61.73259203
GNB,2015,59.89196432
COD,2015,58.06932062
FJI,2019,70.08660188
BLZ,2014,74.2195742
KHM,2015,71.3554962
COL,2014,74.69923307
LTU,2017,75.48786469
WSM,2015,70.01944065
MDA,2016,75.80097726
AUS,2021,84.89781796
LKA,2016,79.73513931
MDG,2017,64.60071829
ISL,2014,82.09822512
NAM,2015,64.79160262
ERI,2019,63.76432633
SEAR,2017,72.49628629
CPV,2016,72.18721707
AGO,2017,59.80257448
BEN,2019,66.58203128
KHM,2017,69.12694998
BEN,2021,66.37542835
FJI,2020,70.24187171
MWI,2014,64.37271629
VNM,2016,77.60213277
AFG,2019,60.04471263
UGA,2015,64.2155816
SWZ,2018,54.73682091
ATG,2019,77.07414499
YEM,2019,63.94682796
AFR,2014,61.97191179
BRA,2017,78.47387001
LUX,2016,80.56376836
AFR,2018,65.69070327
LKA,2014,79.27126977
ZMB,2014,61.922877
TTO,2021,75.15306273
VEN,2021,66.85586071
USA,2017,76.30736725
AFG,2016,61.72904065
HND,2017,72.551279
SLE,2015,56.88673236
TJK,2019,73.80997068
VUT,2019,70.64265663
ERI,2019,66.53307729
ITA,2016,84.8666802
KOR,2015,79.14461549
TZA,2020,65.67763855
GRC,2021,77.25505569
LAO,2018,65.86938763
LAO,2016,67.33210713
BHR,2018,77.03479666
SWZ,2021,51.64387248
BFA,2017,61.8809308
WPR,2018,80.60582988
MNG,2021,70.09795294
WB_LI,2021,61.58379919
IRL,2015,82.9131089
WB_UMI,2019,75.66886287
AFR,2020,65.93243809
ATG,2017,75.565575
GIN,2021,61.26251027
NER,2018,61.32477015
TCD,2019,60.93507186
GRC,2020,78.49334594
PAN,2020,80.59030638
VEN,2017,72.98365736
FJI,2021,67.67014085
LBR,2016,62.21305435
BGD,2017,73.37868377
EST,2014,77.0967995
EGY,2015,72.7097886
PNG,2019,67.9228878
AMR,2019,79.75649564
IRQ,2020,70.41410059
MAR,2020,72.50615909
GHA,2015,61.85041431
GNQ,2018,61.42093734
SYC,2020,75.28529396
GTM,2014,74.77216141
MOZ,2014,55.02757929
LAO,2021,66.08941394
LVA,2016,70.04196255
NER,2014,60.33193643
ITA,2015,80.00279151
IND,2018,70.35439242
BWA,2021,63.17931288
YEM,2019,70.00606791
LCA,2016,80.18174294
SYC,2017,70.01394854
VEN,2019,77.34702822
CZE,2021,77.07730392
SLB,2015,65.15166823
PRT,2015,83.66558927
AFR,2014,63.88296651
EST,2019,82.61362136
USA,2021,76.37368104
ITA,2021,84.32794663
OMN,2021,74.86314497
ALB,2015,79.62284377
AGO,2021,64.25583857
NOR,2016,80.47891692
MWI,2021,59.72269836
SOM,2021,51.74982512
ITA,2014,82.61004631
IDN,2020,67.60184694
TKM,2019,69.14190532
SGP,2017,83.22151158
BEL,2020,82.88313138
EUR,2019,78.09893217
LBY,2021,74.21007102
VEN,2015,69.82087836
GNB,2017,60.58973477
EST,2015,73.06489074
WSM,2017,69.98522366
GMB,2019,62.90864586
SVK,2017,73.6994527
VNM,2020,79.20065557
PRY,2021,73.16442749
RUS,2016,71.6156235
LBR,2014,58.11259758
MDG,2015,64.40670491
MRT,2020,69.61082855
SSD,2017,56.69335254
WB_LMI,2020,71.26895193
ITA,2016,80.70357826
BGR,2021,67.97640102
ALB,2018,76.15060246
PSE,2014,75.95485
URY,2018,80.68457971
BEN,2016,65.41066833
LKA,2015,73.24371024
DZA,2015,75.76923132
BGR,2015,74.56358707
SVN,2016,80.81692358
TLS,2016,68.07445467
FJI,2016,67.7499939
LUX,2021,84.78574158
WB_LI,2017,65.57413373
MDG,2015,63.35879155
BRB,2017,75.11817702
JPN,2018,81.55870437
SGP,2014,82.60495523
WB_UMI,2015,71.78826529
PRT,2019,81.36750616
TON,2014,69.78545283
KHM,2019,66.86662343
QAT,2015,77.41321236
AGO,2021,62.13113467
GUY,2018,65.57499144
BHR,2017,76.78467923
CZE,2016,78.93030378
BWA,2018,62.31130298
DNK,2021,79.46414153
CAN,2020,79.27704872
BRB,2015,77.3774774
CPV,2016,74.86326568
ETH,2015,67.10395358
RUS,2020,76.15263485
VNM,2016,68.93125917
MDA,2020,75.88431967
SSD,2018,58.86129412
GAB,2019,67.74772189
BTN,2020,73.16909282
WB_UMI,2020,71.83933912
EMR,2018,69.83224713
AUS,2016,82.59341791
TTO,2015,77.25018967
OMN,2014,77.56981986
GMB,2015,65.78791567
HTI,2018,63.47163817
MDA,2015,75.06950339
GBR,2021,81.93070945
KWT,2020,76.51859306
NPL,2020,68.98308899
GBR,2020,78.25842101
JAM,2021,72.77260563
KEN,2014,66.14180191
CRI,2014,82.91867374
COD,2015,59.96244072
UZB,2016,69.95773109
SWZ,2015,55.48163574
LKA,2016,73.62061812
ZWE,2014,56.95717402
EST,2019,74.6948324
EMR,2020,68.92815031
RWA,2019,69.61982934
DZA,2015,76.59493865
EUR,2014,80.22973148
ISR,2019,80.74316576
CYP,2020,84.07164515
ATG,2014,77.30671356
MRT,2021,68.37986022
URY,2021,74.98295244
BLZ,2014,71.67104637
KOR,2019,83.68842093
BIH,2014,74.68459874
CHN,2019,80.36419718
TZA,2021,68.37561394
ZAF,2018,65.31532246
BDI,2014,64.06939818
SEAR,2020,70.72011705
BWA,2015,60.05683118
ETH,2021,67.83909086
BWA,2015,62.04575871
GEO,2020,77.81036223
WPR,2021,74.52599347
SVN,2014,77.91975032
GEO,2015,68.34963094
FJI,2014,69.84879406
GRC,2015,80.41608244
BEL,2018,79.10148787
NPL,2016,68.77609661
RWA,2020,66.02809767
BEN,2020,67.03767966
JOR,2014,77.96984738
MOZ,2021,54.80071596
KHM,2014,71.10068393
BOL,2021,65.41062535
DNK,2015,80.59412958
CUB,2014,80.24695409
KIR,2017,61.81777917
ZWE,2015,59.35619286
GAB,2016,64.25526743
CHN,2021,77.61619672
DEU,2020,83.08185767
SEN,2015,65.7396903
SUR,2018,70.09061891
NPL,2017,72.61468334
DEU,2015,80.4259243
WB_UMI,2015,74.81672772
BTN,2017,73.54716542
THA,2019,76.92495279
TKM,2016,68.96406385
ARM,2016,69.82436781
CIV,2021,61.39104152
VEN,2015,73.93795547
PAK,2015,64.90203666
JAM,2021,67.64379114
MDV,2016,76.11149622
HND,2019,69.99405581
BLZ,2020,74.69437572
ERI,2016,62.87736669
GTM,2014,69.20397662
JAM,2020,75.27279037
MLT,2018,84.00690143
GLOBAL,2020,75.21902065
DEU,2016,80.68537775
BRB,2017,77.47053729
NPL,2018,69.28407249
AGO,2014,58.64003243
UZB,2020,69.23392691
WPR,2014,76.5927032
SDN,2017,70.11978476
GRC,2014,80.83818972
CPV,2021,77.44199378
FSM,2019,68.80753873
SVK,2020,80.20803416
KEN,2020,64.06213434
IRL,2019,80.27005664
WB_UMI,2014,77.73606325
PNG,2017,65.35460805
HUN,2020,75.76307465
GLOBAL,2021,71.36869906
THA,2017,73.75229171
VUT,2018,70.58576411
HND,2021,70.5326339
VUT,2014,70.24572796
WSM,2020,68.7445113
PER,2017,79.35847297
SLE,2017,58.32701535
WB_HI,2019,83.33354538
TUN,2017,77.03145853
KHM,2021,71.45081969
PRI,2019,80.50288098
VCT,2018,75.66784324
GNB,2018,60.94584303
WB_HI,2018,83.1295789
CHE,2017,84.94600791
IDN,2019,73.26013029
JAM,2015,72.28943851
BFA,2016,61.35518157
CYP,2015,81.80149333
WSM,2019,71.30512025
KAZ,2017,72.96750185
TON,2017,70.1240677
LAO,2016,69.70793001
NZL,2018,80.10699094
ISL,2018,83.84179532
SWZ,2016,49.97087297
BHS,2021,73.4727969
TUR,2014,79.47668187
SOM,2018,54.6726292
BLZ,2018,74.57665716
VUT,2015,70.33802031
HUN,2018,76.08502162
CUB,2014,76.10413833
ZMB,2021,63.10931486
LCA,2014,76.28411905
KGZ,2021,72.18500345
KHM,2016,68.91001703
PRI,2014,79.89363862
FRA,2017,79.40611353
UGA,2014,66.97294471
CAF,2016,51.50031283
TKM,2014,72.50510204
BHS,2020,75.95911581
GEO,2019,73.85275108
PAN,2016,75.39463658
BWA,2014,61.38291822
LTU,2019,71.45355938
MMR,2018,68.55999093
SUR,2017,76.14723499
QAT,2019,79.8430653
BRN,2014,78.10165945
SLB,2020,68.27265213
MEX,2017,75.87022362
AUS,2021,83.10183853
RWA,2019,65.65025873
IND,2017,68.66202542
MRT,2019,70.38201267
KWT,2016,85.63168183
KHM,2021,66.35072714
GBR,2019,81.22319266
IRQ,2014,74.07144384
SLV,2016,68.71337914
ALB,2020,74.25913203
BGD,2014,72.77669075
TCD,2019,57.83880065
MAR,2015,72.44150535
TON,2014,72.38182372
ROU,2014,74.86061311
PSE,2018,73.9013946
EST,2016,77.71059498
TGO,2017,65.30787367
GAB,2017,67.44216154
GRD,2019,75.32047976
ISL,2020,82.56117418
KGZ,2021,68.53290206
ETH,2019,70.53771829
PNG,2014,66.93189584
FJI,2018,70.06560685
SEAR,2019,73.22722364
TJK,2016,74.45604916
PAN,2018,78.651343
BLR,2015,73.73950531
TLS,2015,67.83593705
KAZ,2014,71.47528342
SLV,2016,73.58698324
BTN,2021,74.87642848
UZB,2017,72.58118429
MDG,2017,63.57935928
BHS,2018,73.38286364
COL,2019,77.9535847
CHE,2020,82.73602492
BOL,2017,71.54775004
SOM,2019,57.74652687
TGO,2019,61.2148433
LCA,2014,72.74782453
AFG,2017,59.83439393
PHL,2020,69.6404352
GAB,2018,64.70364722
BRB,2019,77.60795099
SAU,2018,77.48948168
BRB,2021,75.12224838
AMR,2017,74.15393516
MUS,2014,74.00992363
URY,2018,73.22856693
GTM,2019,72.70697215
KEN,2021,64.39587676
ZMB,2015,62.44922924
DJI,2021,64.87227149
SYR,2018,71.12921917
GMB,2015,63.79523685
AFR,2019,64.16988115
FRA,2021,81.92274175
ROU,2017,75.11122981
MWI,2018,60.05999238
AFG,2017,62.05236203
FRA,2014,85.06346999
TUR,2021,78.09542076
GMB,2020,66.98682922
JPN,2017,84.25809871
FIN,2014,80.86537331
SUR,2016,70.14190211
JPN,2020,87.37102664
ZWE,2016,59.84749865
UGA,2021,62.92684278
MAR,2016,74.26403619
SYR,2020,69.57489597
SEAR,2017,70.7727814
SEAR,2018,69.35230717
GBR,2020,82.02902582
COL,2016,80.26122738
AGO,2015,61.59307464
SWE,2014,81.92750078
CAF,2015,48.90307036
ECU,2020,76.36299311
LVA,2018,75.05473366
FRA,2014,79.28034202
BTN,2015,72.05049422
ZWE,2017,56.09000452
ERI,2016,65.75880347
HND,2015,67.29905255
FSM,2017,65.6570782
LTU,2014,79.8329322
GNB,2014,59.55679779
GNB,2020,58.37604595
GUY,2017,64.95586874
IDN,2017,69.19758846
LBR,2019,63.44171284
ITA,2017,84.51350659
OMN,2021,70.89524564
MDG,2014,64.30171057
BWA,2016,64.97437999
BOL,2014,71.64868401
BRN,2014,75.27997388
SUR,2015,72.9788443
AMR,2021,71.08535615
QAT,2014,76.57011341
FIN,2021,81.53419484
BDI,2016,65.13672422
LSO,2018,51.60129602
MKD,2021,75.24092348
BTN,2016,74.44584158
WB_HI,2014,83.02339369
ALB,2017,76.10280495
QAT,2016,79.20606863
ECU,2020,69.51602692
SRB,2014,72.71946681
BIH,2018,74.86473123
NIC,2017,75.95019968
PRY,2019,78.16363997
FRA,2016,84.89377441
HTI,2021,63.20708629
ECU,2017,74.90269354
MKD,2016,77.66388559
HND,2016,71.09197895
NIC,2019,78.87404349
ECU,2014,79.45308303
LVA,2018,70.27992715
WB_UMI,2020,78.14320109
SVK,2018,73.79335284
CUB,2015,77.92972815
IRL,2014,81.05218065
MNG,2020,72.70622882
TKM,2015,65.31434807
COD,2021,61.62552641
MUS,2016,74.15809377
STP,2016,69.47736675
SDN,2017,67.93554496
YEM,2016,67.6890605
WB_LMI,2016,70.66559895
IRN,2014,75.80039494
AUT,2018,79.19063289
CYP,2016,79.66508873
ATG,2020,77.61326031
BRB,2019,76.03984637
MEX,2021,74.68952145
NPL,2014,71.95143313
SDN,2015,69.50717667
HUN,2015,72.18632647
MKD,2018,74.43697918
PHL,2020,73.81604113
SLE,2015,56.09732617
KHM,2019,69.55846339
BLZ,2020,72.8751564
GRD,2014,72.54366171
AUS,2014,82.36885018
OMN,2020,76.79727366
GRD,2021,72.77322454
PSE,2019,75.83098235
ISR,2015,83.78561922
GTM,2020,74.31336166
ISL,2020,83.91381983
KOR,2020,86.64297621
SGP,2020,81.69439267
KAZ,2015,71.97923102
BDI,2020,62.50155431
VNM,2017,69.15427699
NLD,2017,81.52798471
IRN,2015,75.78006578
GNB,2017,55.99035871
AFR,2017,65.2839679
DOM,2016,76.96084222
SRB,2015,72.66889832
COL,2014,77.36559952
OMN,2015,77.43992598
GLOBAL,2014,74.62340981
YEM,2019,66.89863946
FJI,2021,63.49181929
DNK,2014,82.37363656
IRN,2020,75.18860837
CMR,2017,62.53117509
MDV,2021,75.39664085
TGO,2019,66.34215068
AUS,2019,82.64234014
IDN,2015,68.76075231
HTI,2014,62.25423095
NPL,2019,71.36142995
TJK,2017,71.61254263
IRN,2016,77.37336206
IND,2019,69.17521966
TUN,2020,79.64339676
ZMB,2017,58.98170404
PHL,2020,65.99103148
VEN,2017,77.55144986
BTN,2020,74.45119684
ARG,2019,74.00310814
TKM,2017,72.27793629
VCT,2014,70.51145183
JOR,2016,79.22763984
ERI,2020,61.01379141
MNE,2018,80.08099774
LAO,2019,68.35701918
MRT,2016,69.70869208
CHE,2014,84.73248728
DOM,2021,70.16326917
THA,2018,80.73860552
MRT,2019,70.00013544
LCA,2014,79.95160085
BEL,2015,78.48319008
FRA,2020,79.06419181
AMR,2019,77.07402622
JPN,2019,84.46675304
ESP,2014,79.88176223
SDN,2014,68.08985985
SDN,2021,68.89340605
UKR,2020,72.49786713
SLB,2021,67.33435982
CAF,2020,50.48531594
BEL,2020,78.65364849
IRQ,2017,74.99027443
DEU,2017,80.75116875
LUX,2021,80.76781168
ATG,2014,75.59206584
MUS,2019,74.05607067
BHS,2019,70.73776422
MWI,2015,58.88709125
FIN,2014,78.09743789
KOR,2020,83.79726372
COM,2019,68.10062174
GBR,2019,79.49871753
ARM,2021,72.98458202
SDN,2016,67.48788196
JOR,2020,76.56703087
WB_LMI,2017,70.92194474
SRB,2014,77.80481416
TTO,2018,73.99505843
MDG,2014,62.16721798
QAT,2020,77.27588364
VNM,2021,77.95730127
JPN,2018,84.35134487
PRK,2021,72.6431485
GUY,2016,67.56739413
LAO,2017,70.08256786
DJI,2020,65.26548162
BEL,2015,80.70631194
AZE,2018,72.59708426
NIC,2014,74.68243685
VCT,2016,70.83691894
TZA,2019,65.19880793
CHL,2015,82.64509713
LVA,2015,69.95707642
GRD,2019,72.72978901
BGD,2019,75.25882812
MAR,2017,73.53352195
NER,2015,58.6916137
ISR,2019,82.57325579
MNG,2014,68.96351192
MUS,2016,70.95621231
HTI,2018,63.9188109
BEL,2021,83.68795225
QAT,2018,78.6332828
MEX,2014,75.90738439
SLV,2020,76.74610378
KEN,2020,66.79345007
MNG,2021,66.41682728
LSO,2018,54.77488489
SOM,2017,56.8316085
LBN,2017,76.55099333
SSD,2019,58.99663561
CAN,2017,83.62474573
DZA,2020,74.02004217
RUS,2021,65.57146131
SUR,2014,76.20763117
PAN,2016,78.24463546
IRL,2020,79.92957461
AGO,2018,64.45239873
BOL,2020,70.3702014
SDN,2018,69.24813878
MDV,2017,80.23345714
MNG,2019,70.7501793
IRL,2016,81.40605545
WB_LI,2014,62.16568407
EMR,2017,67.84420242
POL,2016,73.7286639
DZA,2019,76.24122836
HRV,2015,80.60825978
LAO,2018,70.3905888
HTI,2017,62.87184439
GMB,2020,64.7871582
MOZ,2016,56.63490108
LBR,2014,58.23259877
IRQ,2015,67.47106696
SVK,2019,74.23290328
MDA,2016,71.84582325
SYR,2015,69.34176404
EMR,2016,71.01954048
VUT,2016,66.91782394
MMR,2016,71.11629803
HND,2018,69.90378909
RWA,2015,66.96378175
COG,2015,62.22495031
GUY,2015,63.72003767
WB_UMI,2015,78.00906049
SVN,2021,83.39120453
TON,2020,70.37702314
BRA,2021,75.84727825
LBR,2021,63.45730846
SVK,2016,80.43660999
BFA,2021,59.87613892
UZB,2020,71.36099727
KGZ,2019,73.58598166
AFG,2014,60.42859204
CAF,2015,53.34102201
MLT,2021,83.730114
AFG,2014,61.29263706
VCT,2021,70.02337138
BOL,2021,68.392692
ARM,2014,69.78443638
PHL,2021,66.40834182
TZA,2016,63.97887909
DZA,2018,76.97309475
BRA,2018,75.31944699
BRN,2020,75.28838727
SEAR,2014,69.73314803
WSM,2019,68.76537342
IRN,2014,77.29855084
PNG,2015,67.14596983
GRD,2021,70.52317817
SDN,2021,67.58515204
CMR,2014,60.31462239
TZA,2014,66.27134157
SVK,2018,80.5137064
IDN,2017,71.00063238
TTO,2017,77.28471071
VCT,2015,75.29344743
CMR,2020,60.10032034
BLR,2016,68.68974641
TON,2019,75.59967888
VEN,2014,74.05573564
COG,2020,63.99636887
MDG,2016,64.50064345
TGO,2017,62.55310805
ISR,2020,84.29734991
ARG,2014,73.28096595
CAF,2014,49.17728884
JOR,2016,78.96538801
SGP,2019,83.8984774
FJI,2015,67.8018416
HRV,2014,74.96397012
PRI,2017,78.42817699
SGP,2019,85.97841677
TUN,2021,76.84116498
QAT,2016,78.22428304
VUT,2018,67.04714117
BHR,2016,75.65906707
BRB,2020,75.14815245
DNK,2016,78.96719168
GNQ,2020,59.60857395
IRN,2015,78.97208316
WB_LMI,2019,71.53315952
MNE,2021,71.62459242
LBN,2014,80.62667819
LSO,2016,52.79263989
LTU,2015,69.1102237
YEM,2020,63.72097686
LUX,2015,80.35523248
WB_LMI,2014,70.08633623
SWE,2021,84.31275387
GAB,2014,66.71058666
KIR,2020,61.87697198
JOR,2020,78.80041534
AUS,2016,84.49586316
ROU,2014,78.48985721
GBR,2016,80.81034292
NLD,2021,82.64706192
HRV,2020,74.8136734
AFR,2018,63.77580177
GRC,2014,78.56288402
PER,2020,72.7753962
TJK,2017,74.81794632
IRL,2014,82.94811582
BEL,2017,83.33776312
AUS,2017,84.51689818
LCA,2018,79.97257829
CHL,2017,83.02480992
SOM,2020,52.84960978
PER,2015,78.71199495
SRB,2017,77.96748346
GMB,2018,64.60661374
MNE,2019,73.88887289
WB_HI,2017,78.14184047
NGA,2018,62.68563037
RUS,2014,76.2667542
HRV,2019,78.60209541
PHL,2016,65.61954455
SVK,2016,73.73375063
NAM,2014,65.00578874
IRQ,2015,74.49758764
CZE,2020,75.21579119
SGP,2020,86.32927029
ETH,2017,66.37229867
UGA,2017,65.21733648
TON,2014,75.13906839
DZA,2017,76.40431934
ZWE,2014,54.85871082
MMR,2019,68.80517618
PSE,2019,73.99701572
VCT,2014,72.73600877
CHN,2016,76.71571735
NLD,2019,82.33882776
ALB,2017,79.86499837
COG,2014,61.53702389
EMR,2019,71.74997507
CAF,2014,46.67385263
WB_LI,2019,64.21817017
GIN,2020,61.15586466
NZL,2017,81.16380852
CHN,2019,74.57707156
SRB,2020,77.33151376
NAM,2016,62.05755741
GLOBAL,2020,69.80764516
NOR,2019,81.12368172
CRI,2019,77.92611257
GEO,2020,73.10852232
TUR,2017,77.07084923
POL,2020,80.44535889
HTI,2019,63.66018845
HND,2019,72.89977764
BWA,2017,61.81797874
BIH,2021,72.55525423
ERI,2020,63.82002522
CMR,2015,60.81900251
SYR,2014,68.94651267
UKR,2017,77.66799049
WB_LMI,2021,67.21688028
GHA,2018,68.17911765
JAM,2016,72.33025467
GNQ,2018,63.10569716
ZAF,2019,62.49607452
BEN,2021,64.01268515
ZMB,2020,64.07175197
MLI,2018,60.77260408
SWZ,2018,58.39005991
PAK,2018,66.73689511
SGP,2021,86.25122473
PAK,2017,67.16437322
BEL,2019,83.65574273
MDV,2017,76.63972773
CAN,2018,79.83958687
HTI,2020,64.20538405
COM,2014,68.16671159
AUS,2015,84.16784956
SVN,2019,81.28502446
ZMB,2016,63.06616028
PSE,2014,74.19704282
AUT,2020,81.08512036
TLS,2014,68.92437552
CYP,2017,83.91565559
SYR,2014,53.41815384
VUT,2021,63.35992654
BGR,2021,74.97959223
SGP,2017,81.07523265
FIN,2020,78.93672923
HRV,2017,78.12551064
CHE,2019,85.1153473
KGZ,2014,70.89588242
EGY,2014,73.23859714
SVK,2019,77.61261952
GHA,2020,63.62400292
NGA,2015,61.73359862
SEN,2020,70.35410083
AUT,2014,78.88532384
MKD,2016,75.56274435
IRN,2020,73.32479191
COD,2020,64.4638015
PER,2021,74.80744833
URY,2014,80.91834996
MKD,2018,78.49075849
TLS,2021,66.52957629
GRC,2016,78.52796486
NAM,2017,59.09811942
PSE,2019,77.59649042
POL,2014,81.29088119
IND,2016,68.36023887
LUX,2018,84.68650104
KGZ,2020,71.47082259
ARM,2014,78.1072745
WB_UMI,2016,74.97657756
AUT,2020,83.30621304
LCA,2020,75.63349527
BDI,2021,64.00694993
UKR,2018,67.67453894
MLI,2016,60.19265487
MNE,2018,77.222772
SOM,2014,55.55978648
AMR,2018,76.98308457
EGY,2021,69.10821615
WSM,2014,71.49110507
BTN,2017,74.71875176
DOM,2020,70.06998053
UZB,2018,71.46640597
PHL,2017,73.74103151
WB_HI,2021,82.29613519
CZE,2017,78.85473024
SUR,2020,69.39276822
LBN,2015,80.79983794
EGY,2020,72.6046597
FJI,2021,65.50058445
SVN,2020,80.33576726
KAZ,2021,66.36555838
BRA,2016,71.10201501
YEM,2021,68.56819218
PRK,2018,69.13402057
WB_LI,2016,60.74663911
KOR,2020,80.69913201
MDG,2019,64.81833127
ALB,2016,79.858957
ETH,2018,68.47192846
GNQ,2021,63.21443749
FIN,2017,83.92285302
IDN,2019,69.54931014
MLI,2015,60.12125985
DEU,2019,78.74919085
COM,2016,68.77338373
GBR,2019,82.91700525
CRI,2020,77.29496495
ISR,2018,80.66380567
CAF,2016,49.14513165
USA,2015,76.47766171
IDN,2016,70.77579907
FIN,2016,81.11659919
TUR,2020,73.41211431
ERI,2021,63.57308435
NLD,2016,79.80497434
GMB,2021,62.2216191
FRA,2017,82.17093951
LCA,2017,80.04314771
BOL,2014,72.52564624
KWT,2019,80.27047894
FIN,2019,81.64702187
CAN,2018,81.73382897
PAN,2015,80.99567272
UKR,2015,72.14894514
MLT,2014,81.45292313
GRD,2014,75.52627815
SSD,2021,58.57353884
IND,2017,70.06082604
ERI,2021,66.23751026
NGA,2018,64.17072958
COM,2020,69.69493975
BGR,2018,78.39017632
CUB,2021,76.50608604
KEN,2021,66.76221995
ALB,2017,77.91038596
SDN,2020,69.80875785
ETH,2014,68.26946647
BFA,2014,62.87516128
EGY,2020,67.74804161
TUR,2015,79.28050221
VNM,2021,69.72524095
LVA,2018,79.54039646
ISR,2018,84.43507848
MDG,2021,64.02700715
GMB,2014,63.57797414
SLV,2016,78.1981442
VCT,2016,75.41892383
MKD,2021,70.85033239
AMR,2021,77.2721607
NIC,2016,80.55448372
KGZ,2015,75.20770957
CRI,2018,82.96959503
GRD,2019,70.45529704
LTU,2016,69.41001676
BLZ,2021,71.36484263
ECU,2018,75.04833577
NGA,2016,62.04834174
HRV,2021,76.8616792
AFG,2016,59.19898852
TKM,2019,72.54439505
TJK,2018,73.49599296
MDG,2021,62.9342555
MLT,2016,81.88080877
MOZ,2019,58.50505639
SGP,2016,85.39855214
MLT,2016,79.97816785
POL,2015,77.27808527
ROU,2021,76.52390532
YEM,2014,70.60767126
ZMB,2018,61.41187871
BDI,2018,65.96567463
GAB,2020,62.6814666
AUT,2021,80.99297519
ECU,2021,70.95068197
CHN,2021,74.9541357
ROU,2021,69.20896236
BDI,2018,64.02759286
GIN,2018,60.65900972
AFG,2016,60.39366208
MEX,2019,72.80039996
ISL,2019,82.4706163
ZWE,2019,59.07171997
WB_LI,2017,63.30409889
LAO,2020,71.5818933
TTO,2017,70.72572151
MYS,2021,72.8101035
SVK,2019,80.90340137
AMR,2014,79.5073337
LBY,2018,75.5969343
BRN,2021,76.92260844
SYC,2017,73.0936681
ARE,2018,82.05215662
MNE,2020,75.47582429
WB_HI,2018,80.68924788
STP,2017,71.25615442
HUN,2015,75.5700037
UGA,2014,63.49406001
JPN,2016,86.91722293
GAB,2020,65.12601321
USA,2014,76.66792041
FRA,2015,84.71993232
SWZ,2017,50.55256376
PHL,2017,65.98689007
BOL,2019,73.7928509
THA,2016,76.9976755
PAN,2021,74.35268157
BHR,2014,76.43169498
BOL,2015,71.04926573
PRY,2020,78.23179187
DNK,2016,80.71406105
ESP,2017,85.21017946
KOR,2014,85.2254383
MWI,2017,62.5519407
SWE,2018,82.20163712
NZL,2014,79.46031865
LTU,2021,74.13314711
SLE,2014,55.83770997
PER,2020,69.45852441
BGR,2019,71.52314924
SLE,2016,58.75068972
SGP,2021,81.57605503
JAM,2017,75.43163223
AGO,2017,64.27574643
VUT,2020,70.94140764
BDI,2019,62.36845109
LSO,2017,48.36610004
BLR,2021,68.06073365
CPV,2020,78.1800866
DEU,2015,78.11601135
NAM,2017,65.54015095
VNM,2017,73.40138207
HUN,2017,72.49248429
NAM,2015,58.80554263
MDG,2014,63.22596923
COL,2020,76.17457612
AMR,2016,79.434621
NAM,2021,63.44307317
SWE,2019,84.24257133
GNQ,2017,59.72318605
LTU,2019,80.81523162
LCA,2017,72.48712776
TKM,2019,65.69781955
NIC,2018,81.13623286
FRA,2015,78.96164995
FSM,2016,65.5242044
AGO,2016,64.23261549
BEL,2019,79.50239621
WPR,2021,80.51378972
FRA,2019,79.773758
WSM,2021,69.07190741
LBY,2015,72.65332031
MOZ,2018,61.13492861
BRN,2018,76.40808264
PHL,2019,69.42943033
ISR,2014,83.57399712
OMN,2017,72.01827359
KEN,2017,65.61126491
ARE,2014,80.64754288
BTN,2018,73.75301201
AZE,2019,73.37946114
LBN,2021,77.4956995
KAZ,2016,67.9260475
BGR,2017,74.71989724
BEN,2018,61.38720955
GNQ,2016,62.08515483
KHM,2019,72.15942832
BHR,2016,75.02627335
UZB,2017,68.17345282
BRA,2021,72.38840694
SLV,2019,74.28004903
WSM,2014,68.85912854
AUS,2015,80.4061322
DOM,2020,77.52154922
BOL,2021,62.87421268
CYP,2021,81.912741
SRB,2016,73.12497359
BHR,2015,75.75082454
PAN,2017,81.16922487
THA,2019,80.6373351
SWE,2016,83.63114184
SLV,2018,79.10839635
ECU,2015,74.6889949
BHS,2017,76.31429679
WPR,2020,81.10573156
KAZ,2016,72.39593644
BIH,2016,77.13183233
PRK,2014,68.10649824
QAT,2018,79.62140406
BEN,2015,60.25391539
NLD,2014,79.79577947
BEL,2016,83.3917427
LVA,2016,74.95310955
MLI,2019,61.83290988
COD,2018,59.32275301
AZE,2017,76.94866817
AMR,2014,74.1646091
NOR,2018,82.44230107
BOL,2018,71.78449167
SVN,2020,77.68356315
GMB,2016,62.12603074
SVN,2019,78.56708068
EST,2018,82.29886597
NLD,2017,79.99212275
WPR,2020,74.57916808
BFA,2015,60.94298433
TJK,2020,70.55595856
IND,2019,70.72711152
TGO,2016,59.64633768
WPR,2017,74.17989162
LUX,2014,84.12926826
ATG,2017,77.03858781
FRA,2016,82.13202442
GNB,2015,55.15439389
YEM,2021,65.76206783
TCD,2014,57.46459955
FIN,2020,84.15926945
TON,2018,75.51795579
DJI,2015,62.20475666
TUN,2021,74.06842662
NLD,2016,82.80133007
GNB,2018,56.14199575
BRA,2016,78.07058788
ISR,2019,84.31971616
WPR,2020,77.70194212
GEO,2021,71.24038597
PHL,2014,74.07172111
CAF,2019,55.89381458
GHA,2015,64.33720534
CAN,2017,79.76316331
RUS,2016,76.8136795
ARM,2016,74.40594896
VCT,2017,73.09125438
EUR,2021,73.25065916
CYP,2019,80.20225205
COG,2019,63.0786517
WB_HI,2015,82.8530413
BEL,2018,81.2494226
CMR,2018,63.37927758
CAN,2021,81.58276248
ESP,2018,82.76765981
GTM,2016,72.23492224
BGR,2019,78.62409466
BOL,2020,64.395249
PNG,2016,66.19035356
DJI,2014,65.15565391
ERI,2014,65.1703518
CHL,2020,79.90385052
COD,2017,58.77574848
MLT,2014,79.41210504
ZMB,2021,58.72094624
GNQ,2019,63.04898321
EST,2017,82.27693934
SUR,2014,73.05386141
ZAF,2015,66.18019087
MNE,2021,74.70975149
ATG,2015,77.21223683
MDA,2018,68.87328463
TUN,2019,75.09416883
TJK,2020,68.60522485
LSO,2014,51.68993217
NGA,2021,62.06702482
WPR,2014,73.51600568
SOM,2018,52.24588762
NAM,2016,58.98048678
BLR,2019,69.72667646
CZE,2020,81.0794963
CMR,2017,58.82508768
SYC,2015,73.16237091
GIN,2020,59.65101725
AMR,2017,79.55112715
ITA,2017,82.52191209
AGO,2014,61.13534716
NER,2014,59.45072248
SWZ,2020,59.4742709
ZMB,2021,60.96884286
URY,2020,77.79436073
ERI,2018,60.67813984
MNG,2017,74.55457802
MMR,2020,65.65323051
NPL,2014,68.40195
ESP,2019,83.13561895
CPV,2020,73.66739044
SSD,2016,57.075647
GRD,2015,70.07707431
VNM,2015,77.46663533
PHL,2018,66.27631845
LSO,2021,51.47907482
OMN,2018,78.52094349
GRC,2019,80.90744762
SLB,2014,67.5891727
ARG,2014,76.51452536
DOM,2014,70.00257612
MNE,2021,77.87943538
MDV,2020,76.1908817
FSM,2015,68.19181643
JPN,2019,87.15215206
HND,2014,67.39606744
ERI,2014,59.27896066
SSD,2021,56.47971379
ITA,2018,82.77664183
ARE,2017,80.52881968
GLOBAL,2014,71.94618807
LBY,2021,70.22740913
ZWE,2018,56.51192048
IND,2016,71.31301845
ZMB,2014,59.98021269
BGD,2018,72.3769969
DJI,2018,65.12011598
FRA,2017,84.80918283
TJK,2021,73.49938753
UGA,2016,64.67477151
TUR,2021,75.27238945
SLE,2019,60.40224239
LKA,2020,77.81550213
HND,2020,72.07378243
KAZ,2020,71.3205391
ARM,2019,75.66635568
TUN,2019,77.50537971
HRV,2017,81.00417116
UGA,2020,69.63882948
USA,2018,78.62912526
KHM,2018,66.63125429
ETH,2019,67.17300914
ARG,2018,76.88825006
PRT,2015,80.89189476
CYP,2015,83.9017604
IRQ,2021,73.9119724
MDA,2019,69.32480145
DOM,2020,73.56757121
CHE,2019,81.75939761
UZB,2018,69.27960933
SAU,2019,76.93147355
SEN,2016,67.7658388
ZAF,2017,64.74836762
CHE,2016,81.39368842
MLT,2021,79.95901198
DEU,2018,80.64820055
MWI,2021,62.48652597
PHL,2017,69.6392585
GMB,2018,62.61051073
ARM,2017,70.61847834
CHL,2020,82.5039811
JPN,2014,83.79493082
NOR,2015,80.26976417
NOR,2015,81.99495023
KGZ,2018,76.80395844
ITA,2020,84.05052945
GIN,2019,61.12869188
PRK,2018,72.10726148
BEN,2019,64.13827469
JAM,2019,72.23602877
URY,2016,80.46253887
SVN,2014,80.78508516
MYS,2018,72.6102572
TLS,2019,70.07871021
MWI,2017,59.62737948
SLE,2018,58.95520843
KOR,2018,83.15048365
POL,2015,73.3650708
SDN,2021,66.24965038
CHL,2021,79.02404788
TKM,2018,65.69067614
KOR,2017,79.94279946
ROU,2021,72.76430945
GTM,2020,67.75830877
MYS,2017,76.49290558
NOR,2021,82.88199872
MEX,2016,75.76103333
CAF,2014,52.09102935
JOR,2015,78.71321883
NLD,2020,82.93321531
NPL,2021,70.04936795
AMR,2016,74.00936366
BDI,2015,62.7069542
MUS,2019,70.83424654
NER,2017,61.12409973
SOM,2017,51.74155396
MKD,2017,74.04711769
VUT,2017,70.52198019
WPR,2015,76.83133302
MKD,2016,73.48303745
WB_LI,2021,63.66755209
GNQ,2014,62.65082206
TTO,2017,74.00520612
YEM,2018,66.38937201
BHR,2018,75.93620907
PNG,2018,67.73510072
IRL,2020,81.69720975
SLV,2017,77.9709007
LCA,2016,72.48193817
MAR,2016,73.4071743
WB_UMI,2021,71.41764719
VUT,2021,69.81194005
WSM,2016,69.92083473
CHE,2017,83.13986197
LCA,2021,71.1130421
TCD,2018,58.95783062
ITA,2018,80.658805
BRA,2014,71.17197361
COL,2021,77.62156214
KGZ,2019,77.1381149
UKR,2016,72.62863559
UGA,2017,68.58590142
EGY,2014,70.46262161
YEM,2017,67.67597451
ETH,2020,70.69578096
ARG,2020,73.06196342
PRK,2014,73.97023878
LVA,2017,74.9627685
KWT,2017,82.62315795
CHE,2021,85.11479877
GNQ,2021,60.17118939
KHM,2020,72.52361407
BGD,2020,73.29812993
SEN,2015,67.3624183
ARM,2015,78.25486483
GBR,2018,78.89616014
BHR,2020,73.61107763
SOM,2018,57.30095418
SDN,2020,67.03785221
NGA,2017,62.36209316
POL,2019,73.94224118
MMR,2017,71.29153384
LUX,2014,82.1608587
RUS,2015,76.61217977
MDG,2019,63.81664617
SAU,2021,76.42921259
SYC,2020,80.51678828
LVA,2021,68.49511637
BRA,2019,75.47815778
TON,2016,75.29490237
GRC,2015,78.16406622
PSE,2016,76.6836773
SYR,2018,64.30375249
AUS,2020,85.23296174
GNQ,2017,62.76065469
ISR,2018,82.59262272
GNB,2019,61.4384131
TKM,2021,69.12049331
VUT,2020,67.09750807
LAO,2015,69.2632024
ERI,2014,62.18741649
DEU,2021,78.14950267
PRT,2016,83.77159778
GIN,2014,58.60749611
ETH,2016,67.58767511
GHA,2021,68.60498895
SRB,2014,75.32134955
MDA,2020,72.14867013
QAT,2015,77.79140376
KWT,2020,83.09548217
ZMB,2016,58.68048273
MMR,2021,64.71030315
MDV,2015,75.73585495
MAR,2020,71.19044294
POL,2015,81.14751452
KOR,2014,78.81460798
TTO,2019,70.71369387
GUY,2017,68.19380586
IRL,2021,83.3508685
TLS,2016,66.62182098
TKM,2017,68.97743987
SOM,2020,57.60880834
SRB,2021,72.80891574
TLS,2014,66.14101211
MMR,2015,70.70610209
LCA,2018,76.11272762
EMR,2018,71.49976617
LCA,2020,71.96243899
GAB,2016,61.82322179
MNG,2019,66.26694565
BTN,2019,75.12568551
CIV,2015,63.67347923
TZA,2018,67.99854907
NOR,2020,84.3401172
LBR,2018,63.09159913
AMR,2014,76.83106727
HRV,2021,80.0111879
MKD,2017,77.92103277
AFG,2021,59.12690224
LKA,2020,80.65621609
PSE,2021,75.87512392
TUN,2014,79.20000577
GBR,2018,82.32896384
FJI,2016,69.88934789
CUB,2020,75.25970676
NOR,2018,80.86622047
MOZ,2015,52.97435551
GBR,2020,80.14044898
COL,2018,80.46409262
ARM,2021,76.87322567
BLZ,2017,74.56128899
IDN,2014,68.54252314
BIH,2018,77.32123917
STP,2017,69.7949281
JOR,2016,78.7600732
AFG,2019,62.54955059
BHR,2015,76.53590485
GNB,2021,56.07573446
FIN,2017,78.6783505
SWZ,2016,56.69735648
MMR,2017,67.95077876
PAK,2016,66.05197225
TCD,2017,58.6099778
KIR,2014,61.63073757
PNG,2017,67.58198783
AMR,2018,79.69618482
PAN,2016,81.2335381
NGA,2017,60.92603181
WB_UMI,2021,77.18475494
SVN,2016,77.91572926
IRQ,2019,72.90009776
BDI,2014,60.52728518
MAR,2014,73.12038211
ZMB,2020,61.83164861
MUS,2020,70.33233512
BRB,2014,76.24311034
WPR,2019,80.70306651
PER,2020,76.70010264
PRY,2016,74.86420083
THA,2015,80.42651024
RWA,2016,65.10752755
LCA,2015,76.39243252
ARM,2020,69.32859192
PSE,2020,73.13996933
VCT,2019,70.76112109
PAN,2020,74.35339836
LBN,2014,75.63085274
HTI,2020,62.57623956
SVK,2020,76.86888148
GIN,2019,59.79601929
NIC,2017,78.50836352
FSM,2018,68.70315461
MAR,2017,72.65210227
ALB,2020,76.53104591
GTM,2018,75.21667428
GMB,2019,64.91162984
GRC,2020,82.7647775
KOR,2021,83.79982334
PHL,2021,69.88256359
HRV,2016,75.16468661
ISL,2015,83.57659353
TLS,2019,67.01880118
PER,2018,80.45112044
YEM,2015,68.25299786
PAN,2021,80.29103539
URY,2020,74.18653401
TUR,2014,73.92906632
ALB,2019,77.9406744
MDV,2020,74.91750625
PRI,2020,79.93442802
ATG,2019,75.65878463
TCD,2014,56.03832739
LUX,2018,82.81654634
ALB,2014,76.05156039
SGP,2017,85.33973096
URY,2016,73.06504597
SDN,2016,68.65126932
VNM,2018,77.87044429
SYC,2017,76.58726555
IRN,2014,78.9984968
COG,2018,63.05964242
ETH,2018,70.18320124
OMN,2019,75.28986006
BTN,2017,72.5154983
HND,2015,69.52898147
LKA,2016,76.7665914
MYS,2018,74.52805915
NER,2016,59.83593299
TZA,2018,66.39625941
FSM,2021,65.70956674
IRL,2021,81.60162902
KOR,2015,85.38126798
PNG,2015,66.00102041
BGR,2017,71.30954869
SYC,2018,76.59446039
PRT,2020,83.6414252
ROU,2015,78.49165481
BDI,2016,63.24117705
PRK,2019,75.30434079
CHL,2017,78.22462525
AFG,2020,60.49099642
LSO,2021,48.73088116
GMB,2018,66.66686378
ISL,2016,82.17563351
TUN,2015,74.39096186
COD,2014,61.3677337
EUR,2018,77.74803442
NGA,2015,63.33444506
COD,2016,60.43572174
HTI,2014,62.50122602
EUR,2016,77.3506962
OMN,2020,73.88668102
SLV,2021,66.76772855
SVK,2014,76.83437639
ESP,2015,82.32940416
MUS,2014,77.40056268
URY,2018,77.03739696
USA,2017,80.72613818
ZMB,2015,58.1920408
AMR,2017,76.8394961
OMN,2020,72.03758377
SYR,2015,60.0056598
MWI,2017,65.54606482
FSM,2017,68.54266039
MUS,2020,73.56975445
AUT,2014,81.23527679
EGY,2014,67.78065212
SGP,2015,82.84921063
MYS,2016,72.57522313
NZL,2017,79.46431294
LAO,2017,67.7232745
HRV,2014,81.05582452
MLI,2014,60.26760483
ECU,2021,73.95801182
LAO,2017,65.52437314
VEN,2018,77.42804086
CHE,2021,83.32795777
GRC,2016,80.71256832
BIH,2019,74.6385905
GRC,2015,82.70012722
QAT,2020,76.58462005
SRB,2018,78.29830734
GLOBAL,2019,75.70121089
SLV,2019,69.48252307
CAN,2021,83.8149825
CYP,2018,80.06052367
ZAF,2017,67.73317519
EUR,2016,74.08951449
AGO,2021,60.0074634
BRB,2018,76.28319327
DJI,2020,63.36186837
CZE,2019,79.13720815
LUX,2020,84.7862582
AZE,2021,75.19257341
NIC,2016,75.11334326
PSE,2018,75.71172174
GEO,2015,72.85013916
AUT,2019,81.64847998
TUR,2015,76.68525905
LBR,2015,60.70622137
GNQ,2020,62.92048867
GNQ,2015,61.12739135
LTU,2014,69.05269994
SEN,2018,69.93428059
ISR,2015,79.93658981
TKM,2020,68.47366895
TLS,2020,67.24683201
UZB,2021,74.11254354
YEM,2014,68.71723916
TUR,2018,77.55827507
MLT,2018,80.48047605
WB_LMI,2018,71.20567815
DNK,2018,82.61042986
EMR,2020,67.24287162
PSE,2015,74.56005234
LKA,2021,80.05458522
GHA,2019,63.4683531
CIV,2016,59.35378161
MEX,2016,72.99738023
CYP,2014,79.75122931
IND,2015,69.3779891
SRB,2018,75.88354818
GEO,2015,77.24960776
MNG,2019,75.46643608
RWA,2017,69.26186957
SLV,2014,77.96842166
MUS,2021,76.90870079
SYC,2015,70.0801073
IRQ,2017,68.16453706
ROU,2017,78.76755562
GAB,2017,64.52552888
EMR,2021,70.1234195
BRN,2017,76.40513341
TJK,2018,71.91198652
CUB,2018,77.85421876
TCD,2015,56.35221893
GHA,2014,61.51588981
PAK,2020,64.70006694
COM,2014,67.0710997
PNG,2019,65.57131706
FRA,2015,81.90513823
MMR,2015,64.29963425
NPL,2015,71.38526632
URY,2019,80.50173495
ZMB,2019,63.94571233
ROU,2014,71.28144332
LBR,2019,62.68247638
UKR,2014,65.61114949
YEM,2014,66.81596423
ETH,2017,69.79710423
VCT,2021,75.52495853
SUR,2015,76.01311025
MLT,2021,81.81193837
YEM,2017,70.32138222
MDG,2020,61.88865712
SDN,2020,68.44077001
TUN,2016,74.51554917
LBR,2018,62.32779572
GUY,2021,69.31385574
ARE,2019,81.41096307
SLE,2016,57.86869185
GBR,2018,80.6238199
QAT,2019,78.89595906
LBY,2016,75.17967953
PRY,2021,67.62709698
SRB,2017,75.57063328
UZB,2015,71.71638572
ECU,2020,72.71138213
SWE,2016,82.00943962
TGO,2021,63.86461122
LKA,2014,76.17612763
GBR,2015,82.34299574
DJI,2018,66.88197949
WB_LMI,2015,68.38628464
VUT,2020,63.92269691
MLT,2017,83.85273512
HRV,2018,81.41023245
IDN,2018,71.1760389
POL,2021,75.4021086
TJK,2020,72.62090972
SVN,2017,83.50005682
IDN,2018,69.35762067
BTN,2018,72.69366958
ECU,2019,77.75172721
CRI,2015,83.27556999
WB_LI,2015,60.43282501
PRI,2018,84.38906679
SLB,2020,62.94715171
PAN,2021,77.23869904
BHS,2018,70.16994537
GEO,2018,78.3480405
PRT,2021,81.17961003
STP,2019,73.18211267
GMB,2017,62.34097966
LSO,2020,48.9416194
SUR,2019,73.02285851
ECU,2016,77.17996695
ZWE,2018,58.69836684
DJI,2017,64.73030842
KAZ,2018,68.86191384
TZA,2017,64.37493216
CPV,2016,77.58904328
RWA,2016,67.17638437
MLT,2017,80.21249672
ARG,2016,72.99407184
CYP,2020,82.06263041
CAN,2018,83.606496
CYP,2016,83.76816212
FRA,2020,84.59650146
BOL,2016,72.22076039
ECU,2018,79.93773898
KWT,2021,78.95211671
ZAF,2014,65.6524743
GEO,2021,66.8541663
OMN,2015,73.77326508
AUT,2015,83.28663835
ZAF,2016,63.87748533
FSM,2015,62.67521757
BDI,2019,64.3185906
HTI,2019,63.17865864
FJI,2014,65.7351325
CPV,2014,77.86047094
CRI,2015,77.94328692
CHL,2016,77.96744642
BEN,2015,62.62662
ESP,2016,82.73070599
KIR,2014,58.4086837
CYP,2015,79.70346274
ZAF,2019,65.83739077
SYR,2017,51.25285781
ECU,2021,77.20480352
TKM,2018,72.41635585
LSO,2019,48.96196271
LBN,2016,76.34877267
BDI,2019,66.23402468
COL,2019,75.32787458
WB_LMI,2017,69.02369556
NIC,2018,75.5891539
SLB,2016,67.922665
BDI,2017,65.58512523
OMN,2019,78.85455935
SSD,2015,57.12681706
ZAF,2021,64.01562152
CMR,2019,60.07612973
LCA,2018,72.49975772
BIH,2016,79.63135784
BHR,2018,75.12476156
FRA,2021,79.07623773
AGO,2019,64.65225362
BRB,2019,74.32950892
GHA,2021,63.69049028
MAR,2016,72.54773273
PAK,2021,65.0767341
CMR,2014,56.63340462
USA,2021,73.72311675
NZL,2019,81.81181567
GEO,2016,67.97194567
LTU,2021,69.58664919
LCA,2019,79.92793745
SYR,2017,69.95320528
GNB,2016,55.6484911
SGP,2019,81.81366361
MDV,2016,79.86349305
MRT,2019,70.17546548
ITA,2015,84.25877562
KWT,2021,77.31715075
PSE,2015,72.72546265
DJI,2015,63.87735947
ARG,2018,79.93036329
LUX,2017,84.61974199
PSE,2017,73.67871497
HND,2014,71.76296148
PNG,2016,65.1802539
TZA,2019,68.36678728
NZL,2015,81.31375727
ZMB,2016,60.96146792
TGO,2018,65.85992092
GAB,2019,64.97251699
WSM,2017,68.74334216
NER,2021,59.02948247
HUN,2016,72.52246375
SLE,2020,60.52060193
MNG,2017,65.87732497
GBR,2016,82.49234847
CMR,2016,58.04176971
SLV,2017,69.13363726
KHM,2020,69.84097141
GMB,2020,62.68481395
MDV,2021,74.5091854
CIV,2015,58.6830067
ITA,2019,84.91374148
COL,2021,71.55393166
SGP,2016,81.0418995
SSD,2019,61.15557002
MLT,2020,83.86382201
MEX,2018,75.91673747
STP,2018,71.4403986
MWI,2018,62.91863389
DJI,2015,65.57490811
VEN,2021,75.94954041
CZE,2016,76.02510626
NOR,2014,83.6678244
SWE,2021,81.02212976
HTI,2015,62.27209442
UKR,2016,77.27501377
EUR,2021,76.28728907
ISR,2020,80.36306142
FSM,2019,65.9434567
ZWE,2016,57.9178434
MUS,2017,74.11525101
DOM,2021,76.75536232
EST,2014,81.49312641
BRN,2017,77.70316646
EGY,2015,70.05641038
LBY,2018,71.54237024
COL,2017,75.17464088
ITA,2019,82.98522568
CRI,2016,80.11048492
PRK,2021,75.64984451
ITA,2014,84.75157492
BIH,2016,74.59535865
STP,2016,72.33005958
AFG,2018,62.13596497
VNM,2015,73.03125783
NPL,2019,73.10385136
RUS,2015,65.84297136
ITA,2019,80.93606726
PNG,2017,66.39410121
THA,2018,77.14916132
NLD,2019,80.84521805
TZA,2017,65.98183854
UZB,2016,67.68588226
TCD,2016,56.89202208
KWT,2018,80.78312219
ITA,2014,80.28966355
BFA,2017,59.41172164
CAN,2015,79.76275146
OMN,2015,71.65817759
BHS,2018,76.49230753
JAM,2014,73.23854714
MKD,2019,76.14804901
BEL,2021,81.5059627
ISL,2020,81.27024511
LUX,2017,80.7354051
MNG,2018,70.47775442
NIC,2014,77.51891848
CHE,2016,83.17109413
LVA,2020,70.85157001
SLE,2015,57.66378193
BGD,2016,72.30843543
CHL,2018,83.28924091
IND,2014,68.91972988
ISL,2017,80.81149999
ROU,2016,71.48354448
TUN,2016,79.42705778
IDN,2016,72.56672665
AFG,2015,60.32951348
LBY,2016,72.63664308
MUS,2015,74.12593279
CIV,2014,57.82216883
SEAR,2018,72.83908926
HTI,2016,62.51458484
VCT,2018,73.17900227
GTM,2015,72.0454314
ISR,2014,81.37964957
LVA,2014,79.30379258
BRA,2015,74.711289
VCT,2020,70.32792998
BLR,2018,79.2515234
MDA,2021,69.55780877
NER,2019,59.64390691
ZAF,2016,60.56091588
MYS,2015,76.43767742
CUB,2020,77.63538969
LVA,2020,75.49885883
MYS,2014,74.64731536
KWT,2016,82.54800559
ERI,2015,62.5177156
DNK,2015,82.3552266
CZE,2018,81.74067476
AFG,2018,59.01023641
EST,2014,72.27109289
UKR,2017,68.06263748
TUN,2018,77.23195746
BGD,2015,73.19207211
IDN,2021,68.26167935
TON,2017,72.71571833
SYR,2016,52.44512321
FIN,2020,81.54461744
DOM,2015,76.96889048
LTU,2020,69.98145077
ATG,2014,73.64707658
CHL,2015,77.54574024
GEO,2017,68.85264428
AUT,2018,83.59204106
BRA,2015,71.3157851
UZB,2019,72.27007322
ZMB,2018,63.59771278
BLZ,2017,71.92922384
DOM,2016,70.01755044
TGO,2020,66.6846333
NPL,2018,72.86420888
IRN,2019,76.36224673
HUN,2016,79.43667196
BGR,2019,75.0010583
RWA,2014,64.62819535
LBN,2019,76.92203106
LBY,2020,72.64874878
MDA,2021,73.6336332
SRB,2015,75.27946837
SEAR,2019,69.61256735
SDN,2018,70.32648704
EST,2020,82.53218138
DZA,2016,76.27818922
MOZ,2016,59.76265582
CZE,2019,81.93289699
POL,2021,71.5530382
NER,2015,59.63358442
QAT,2016,77.88103808
RUS,2019,73.21856487
COD,2014,57.59672122
PHL,2016,69.24553796
NLD,2018,83.29827128
ARM,2015,69.77700087
ARE,2015,80.71356774
TZA,2021,66.8101483
WSM,2017,71.31919095
TCD,2017,57.19066634
NPL,2018,71.10245577
COL,2019,80.54763102
DZA,2016,76.82596304
CHN,2020,74.59270397
COG,2021,62.53595701
IRL,2017,81.60361469
HUN,2017,79.13206977
MRT,2015,69.47263521
ISL,2021,81.32974057
MNE,2014,79.0747568
AUS,2020,83.36758916
COD,2015,61.90189719
TJK,2016,71.06071721
CRI,2020,82.79646099
CIV,2021,65.98000377
IRL,2019,81.93976292
UZB,2016,72.18753026
MUS,2017,77.42118235
GBR,2014,82.64678262
GAB,2017,62.06940612
STP,2020,71.25244214
IRQ,2019,75.36867662
BRA,2018,78.71434987
KAZ,2014,66.85801247
FIN,2018,81.40768747
MMR,2019,65.69415328
KGZ,2017,69.12909567
MNE,2014,74.05725478
TON,2015,72.46352791
VNM,2020,74.77582966
ZWE,2017,60.18475645
SAU,2015,76.88889936
KHM,2014,68.40636847
LKA,2019,77.45083261
COD,2019,59.67189821
ISR,2016,82.22430729
CIV,2020,66.08371022
GIN,2015,59.19807943
GNB,2015,57.5801364
NIC,2020,75.04233435
MDA,2015,71.14655162
AFG,2021,57.40378236
ZWE,2017,58.23863624
COL,2018,75.15590002
FSM,2015,65.32541233
SWZ,2019,55.74729385
AFR,2017,61.44322094
HND,2014,69.52157081
GLOBAL,2017,72.67542225
ZAF,2021,58.90287177
GHA,2017,67.78373456
GMB,2014,65.58370388
MRT,2018,69.8761338
OMN,2018,72.82473595
AGO,2019,60.3301794
IRL,2018,81.71153553
WSM,2021,70.27372108
COG,2016,62.89384902
WPR,2015,80.2284167
THA,2016,80.52110674
TGO,2018,63.07923124
NOR,2020,82.83923455
OMN,2016,73.72044163
COD,2018,61.4317933
SWZ,2017,57.47700535
KWT,2016,80.55739724
AGO,2016,61.84956314
EGY,2016,73.46421315
GNB,2020,60.95653582
PER,2014,81.5142659
MAR,2021,72.61868352
GHA,2020,68.89654355
WB_LMI,2015,66.50588099
GRD,2020,78.16934672
BEL,2015,82.86409019
BLR,2018,69.22181063
GEO,2021,75.59980816
KEN,2016,65.03249549
BEL,2019,81.60895006
IRN,2016,75.93732902
EUR,2015,77.02127407
VUT,2015,66.79010699
BHS,2021,67.3282836
SSD,2015,61.4249497
TLS,2016,69.63080032
CHN,2016,79.94363394
NZL,2021,80.36105381
MUS,2015,70.90515247
HTI,2016,62.79654412
IRL,2017,79.84300114
COD,2020,59.72715121
ARM,2017,79.13842055
GIN,2014,59.8334762
MNG,2018,75.05277135
SWE,2020,82.08200836
SVN,2018,78.18098614
MRT,2014,69.35371532
BLR,2017,79.15290374
IDN,2016,68.98955292
LBN,2015,75.88273959
MNE,2019,76.83999351
VUT,2017,63.97889237
ALB,2021,76.39089034
ISR,2017,82.38134543
MNE,2017,77.14980899
LTU,2016,74.70145984
IRQ,2014,70.22637913
NAM,2018,66.22433545
LBY,2019,71.46825386
TZA,2016,67.24867934
BOL,2018,73.57936506
AUT,2019,83.77630106
URY,2014,73.1833476
CIV,2019,66.19220788
EUR,2014,76.88838577
NOR,2016,82.11289124
CRI,2020,79.99304212
LUX,2018,80.90398198
MLI,2017,61.01919215
GNQ,2021,61.60542301
BRA,2019,78.72827056
BGD,2021,74.56256042
CYP,2017,81.86957092
EST,2021,72.82558679
SDN,2015,67.13030641
LAO,2021,68.23189407
GRD,2017,70.23845238
MRT,2017,69.81185094
SVK,2021,74.50941328
IRQ,2017,71.60611249
THA,2015,73.59516819
SLV,2018,74.65055232
ARE,2019,80.97624201
GUY,2019,65.57886304
NAM,2014,61.94948428
MKD,2019,76.92244716
AFR,2016,64.83970048
TZA,2020,67.40275668
URY,2017,80.80024565
SLV,2018,69.84388761
STP,2021,71.17810896
HRV,2016,78.28594377
MMR,2018,71.79337527
AZE,2021,70.49563595
TCD,2020,57.60120318
SVK,2014,73.25106768
IRL,2019,83.59929764
MNG,2014,73.33613101
TCD,2015,57.84629101
KAZ,2020,75.33905852
BRN,2015,75.23984156
KWT,2018,82.93662831
MMR,2019,72.04070291
JAM,2020,70.10294255
RUS,2018,77.57565528
STP,2015,70.55687146
LAO,2014,64.23525785
WB_HI,2021,79.65119873
EST,2018,73.9705578
TCD,2020,60.86584484
PRI,2015,77.11896454
SEN,2018,68.44236378
SWE,2019,82.71414637
SEAR,2015,68.45302164
MDA,2017,76.62526033
LBR,2019,64.20078315
SDN,2015,68.32706556
GLOBAL,2018,72.88886288
BLR,2014,67.78036041
SWE,2017,82.0845963
KGZ,2014,74.83150813
BGR,2014,71.01756769
LSO,2016,47.38280835
SWZ,2020,52.79745696
LKA,2018,74.02485503
CMR,2015,57.21855183
BOL,2017,73.33221997
UKR,2015,67.11975658
GRC,2018,83.23920608
JPN,2020,81.88217905
RUS,2017,72.49941608
DEU,2016,82.99511864
WB_UMI,2019,78.72237849
BRB,2020,76.9491323
MOZ,2019,61.66544035
MYS,2021,75.31574097
FRA,2018,85.04064201
DNK,2015,78.79913466
FSM,2014,68.14107831
SAU,2019,77.74939572
NZL,2016,81.73038595
GAB,2015,66.88440659
VCT,2020,72.74742918
ETH,2015,65.4238703
CIV,2019,61.18866234
UKR,2014,70.89072091
CHN,2014,79.41411702
TZA,2017,67.59644813
HND,2021,68.96309289
VUT,2016,70.48952853
GHA,2016,62.17338676
PAK,2019,66.29626655
BIH,2014,77.17772515
TON,2015,75.207595
ROU,2018,78.87413384
POL,2017,81.35287756
COL,2018,77.82372796
PRT,2015,77.92082616
HND,2017,71.27116934
MDA,2019,77.17009696
BIH,2015,76.9957646
GAB,2018,62.28017805
ATG,2021,75.20633745
PNG,2020,64.93785879
TLS,2018,66.88717233
WB_LI,2021,65.77246153
BDI,2015,60.78223173
AMR,2020,75.0691549
GAB,2021,62.68143733
TON,2017,75.43370639
PAK,2018,67.50451936
GLOBAL,2019,70.61350058
THA,2017,80.79232092
IRL,2018,80.00370369
GUY,2019,68.73185311
BIH,2021,74.84944487
PRT,2020,77.81551633
EGY,2017,68.62338728
FJI,2016,65.74268296
QAT,2019,78.489898
CUB,2019,80.1179989
IRL,2020,83.46543469
MDA,2018,76.80599236
NAM,2020,60.29997449
ATG,2021,78.41726652
TZA,2015,66.80456862
CHL,2019,81.02769155
EUR,2020,73.70769867
IRQ,2020,67.09464015
BHS,2016,72.949178
ECU,2015,79.6583026
GIN,2021,62.47833722
BHR,2021,73.81989739
ETH,2018,66.77984997
GNB,2014,57.18296664
PAN,2014,77.76557135
TTO,2020,70.09743473
CRI,2014,80.47995762
BHR,2016,76.49846405
SGP,2015,80.74656874
SEAR,2019,71.3719063
WB_HI,2014,80.53130986
TZA,2019,66.78631383
SLB,2020,65.39475136
NER,2020,60.39192551
IRN,2018,79.31031064
NLD,2020,81.40141308
TKM,2020,72.08931923
SLE,2014,56.51922394
COM,2017,67.83204139
LBR,2020,63.45657848
MNE,2017,79.98356029
BRN,2018,75.169677
HUN,2014,72.21124905
SVK,2017,80.37936483
MLI,2016,60.63666584
AZE,2017,72.21865304
DZA,2019,77.0832775
COM,2020,66.96245063
PRK,2020,75.50962043
SVN,2019,84.03714131
AUS,2018,81.16105083
GTM,2014,71.9774007
SGP,2014,80.45593495
MOZ,2018,57.94330191
TGO,2020,63.84914267
WB_HI,2014,78.00664113
WPR,2017,77.21591876
PRT,2014,77.75613843
JAM,2019,69.48005358
LAO,2021,70.50985512
TGO,2015,64.12435596
VCT,2017,70.97096597
KHM,2021,68.92399972
STP,2015,69.15776342
NLD,2020,79.84736459
IND,2021,67.30780612
MMR,2020,68.86849549
LTU,2017,70.62513607
CUB,2017,79.99965605
GRC,2017,82.86155149
FSM,2020,62.75900436
NZL,2015,79.72841359
SUR,2021,72.70139066
CUB,2020,80.10316852
KIR,2016,64.98389847
LSO,2015,48.83813559
SYC,2014,70.1611201
AUS,2019,84.57106024
RUS,2017,67.29712973
PRT,2016,77.85111819
TTO,2021,71.70712647
LSO,2014,48.68389714
PRK,2017,74.86192601
BIH,2019,79.56278757
SWZ,2015,49.12042765
FSM,2018,65.82693994
YEM,2016,65.18287712
EGY,2021,71.70874296
CIV,2016,64.3691389
MNG,2014,64.88937996
WB_HI,2017,83.03173702
HND,2020,68.64966373
GRC,2020,80.6317386
GBR,2021,78.27424872
SVK,2016,77.15076737
BWA,2019,66.94641872
TUN,2014,76.6974822
FJI,2017,65.81912778
AMR,2020,78.23072787
WB_HI,2019,80.90566753
UKR,2019,77.81051846
URY,2015,73.31110001
SAU,2017,77.30889164
ZWE,2020,59.40476255
SOM,2021,53.95143945
GEO,2018,73.81278834
KOR,2017,85.98280463
ARM,2017,75.18435169
NLD,2021,79.58002654
ARE,2021,80.01707319
BRN,2020,76.76421584
HTI,2021,62.4563858
ATG,2017,73.87715274
MAR,2015,74.08138274
IRL,2021,79.86626285
NLD,2018,81.8952079
BRN,2019,75.247916
BRN,2016,75.16462861
SLE,2016,59.62165153
ISL,2017,83.75493289
FSM,2014,62.61311924
ROU,2019,75.4603753
STP,2017,72.7353093
TJK,2014,72.02059888
AZE,2016,73.96997105
PRY,2017,72.6541426
BIH,2017,77.24910311
AUS,2017,80.83699384
PAK,2016,65.28260674
SLE,2019,59.49619885
SRB,2021,75.62155242
FIN,2021,79.00774147
DNK,2020,81.36821984
URY,2015,80.68099415
DEU,2018,82.86294343
BIH,2015,79.40983324
STP,2014,71.64448755
TUR,2020,78.96527001
LBN,2020,74.88486091
WB_LI,2018,61.50282165
SYR,2019,73.49105514
KHM,2017,66.36119743
BLR,2021,73.12324771
COD,2017,60.84101636
MUS,2021,70.13596527
CAN,2020,83.32434559
BGR,2020,77.35672966
JPN,2014,86.63316845
HUN,2019,72.98250779
FRA,2016,79.23735213
YEM,2017,65.11880582
NZL,2015,82.85067007
ROU,2017,71.52198464
URY,2019,77.01365627
SAU,2017,76.74293531
GTM,2015,69.28350085
DJI,2021,66.72945196
GUY,2014,63.34273435
PRK,2020,69.33371172
PRT,2016,80.90466136
LBN,2017,79.03043282
TJK,2015,70.64605537
ITA,2021,79.97563155
SGP,2014,84.7072633
NIC,2019,81.26525703
MMR,2020,72.26149991
GRD,2017,72.61647079
AMR,2020,72.03296141
KEN,2015,64.29968929
CZE,2015,81.32364533
NER,2015,60.57393665
ESP,2015,79.664908
VCT,2016,72.98153488
MYS,2018,76.8111383
BOL,2015,72.83685961
OMN,2019,73.09120361
ZAF,2018,61.98056984
ISR,2015,81.91113219
BHS,2016,69.73968403
NLD,2014,83.01618306
ARE,2016,81.62649278
GLOBAL,2021,73.95752418
CIV,2014,62.82710798
SEAR,2014,71.58713608
CYP,2021,79.86614933
ZMB,2019,59.43027143
WB_LI,2019,66.34303771
COL,2021,74.53297363
ZAF,2021,61.49918805
SUR,2021,66.95530318
AFG,2015,59.28589499
VEN,2016,72.39034431
CRI,2017,77.76265939
MDV,2018,80.68951328
EST,2020,74.32530498
FIN,2016,78.3839793
NIC,2021,75.02796138
COM,2015,67.42647275
COG,2014,61.64003199
BWA,2021,61.23119159
MDG,2018,62.72056269
NGA,2021,63.3974984
BEN,2020,61.88609828
LKA,2021,77.22895472
BLR,2017,69.07070262
NER,2017,60.22725166
MUS,2017,70.93443016
SEAR,2021,70.27694536
OMN,2017,77.81999886
EGY,2016,70.7024138
STP,2015,71.96344887
AGO,2018,60.09063423
MLT,2015,79.71275473
MWI,2021,65.2695226
DZA,2021,75.97765182
ALB,2019,76.17478761
MEX,2021,67.20090462
SLV,2019,78.73287473
PRK,2020,72.37904945
SLB,2019,63.37339005
ZWE,2019,61.01709079
NLD,2015,79.66832648
NGA,2020,61.3214764
MAR,2019,73.7488551
NGA,2020,62.83540426
TGO,2017,60.07945699
ARG,2015,76.5300965
HTI,2015,62.79724253
CAN,2019,82.0216251
RWA,2018,69.45859557
ATG,2020,75.6003712
CAF,2021,52.30772755
ZMB,2014,57.83951169
TKM,2016,72.3890368
VEN,2019,72.71401189
HTI,2018,63.04941586
ECU,2018,77.46907136
MYS,2015,74.27826363
UGA,2015,60.69544647
BRA,2020,77.64812595
CYP,2016,81.7149767
BGD,2014,71.59016713
IRL,2016,79.60073964
BTN,2021,73.9272062
NZL,2021,82.20149177
NLD,2018,80.44074785
WB_HI,2016,80.5831754
LBN,2016,81.09487739
CUB,2017,75.39761629
SWZ,2021,57.86551153
IRL,2014,79.12513616
DOM,2019,70.87113068
THA,2014,80.16372399
CHN,2018,77.14021145
LBN,2021,71.2497976
CUB,2019,75.29554064
CRI,2017,80.19506162
BOL,2019,72.91976198
RWA,2017,67.42986245
BRB,2014,77.33191812
TKM,2014,65.29539788
EGY,2016,68.04467872
KIR,2018,60.74880481
POL,2018,77.56054122
UKR,2018,77.55942717
KGZ,2018,73.2888512
BEN,2014,64.77082808
WB_HI,2021,77.07009971
PRY,2021,70.27080999
SEN,2017,69.6142009
TLS,2018,68.36839208
WPR,2015,73.74212766
DZA,2019,76.54768313
BWA,2018,64.53046521
JPN,2021,81.70918457
KOR,2014,82.15999534
SOM,2021,56.33251904
BLR,2018,74.34647413
ISR,2017,80.42485956
SVK,2015,76.59625031
TCD,2016,58.31677511
VCT,2019,75.8185623
GHA,2018,62.98372908
BLZ,2015,71.50932181
KOR,2016,82.73176167
SWE,2014,80.18837075
FJI,2019,65.78440631
EUR,2020,80.10651148
PER,2015,80.33747677
CZE,2016,81.77304309
KIR,2018,56.85773451
LBY,2016,70.24101805
AUT,2019,79.44882171
FJI,2017,67.87169424
WPR,2018,74.38635805
KEN,2014,63.63694431
SLE,2017,59.15812369
LVA,2015,79.32762248
SVK,2021,78.01092046
TGO,2016,62.01053382
SRB,2019,75.91665371
BRN,2019,76.67529662
KOR,2021,80.70510387
KOR,2018,80.0322931
THA,2014,76.7567559
TUN,2021,71.51194223
ARE,2020,78.942729
MAR,2019,74.64020752
SAU,2015,77.83831259
GHA,2021,66.10178519
DZA,2016,75.94902764
LTU,2016,79.91128117
BGR,2017,78.23738669
SVN,2020,83.04600729
BGR,2020,69.90852051
TCD,2018,60.46036283
SEAR,2014,67.9836846
SUR,2018,73.08581977
BRN,2018,77.69700076
MAR,2018,73.60592779
AFR,2014,60.06739891
IND,2016,69.7812294
PRY,2014,72.63920332
HUN,2019,76.33548535
CHL,2017,80.65876294
IDN,2014,72.06712845
SEAR,2015,70.14297402
SWZ,2020,55.96824586
DOM,2016,73.33430363
KWT,2014,81.88077916
COM,2016,66.64825827
USA,2020,76.89250856
UKR,2015,76.95237122
PAK,2021,66.93027447
GUY,2019,71.99458988
KOR,2021,86.65826663
VCT,2014,75.27792788
FIN,2018,78.83377946
KGZ,2016,76.12119222
LCA,2019,76.11613744
ISL,2018,80.95040845
PAK,2014,65.39254995
COM,2021,66.30130833
TCD,2015,59.36739725
KEN,2017,63.14667616
AZE,2014,72.71925019
KHM,2016,66.11978341
RUS,2020,66.44551242
MDA,2014,74.96791968
MLT,2019,82.14647613
GBR,2015,80.65863594
IRN,2018,77.69013655
NOR,2017,83.85319773
NOR,2021,84.25269756
BDI,2017,63.68241574
BFA,2017,64.25038535
NAM,2014,58.78644359
MDA,2018,72.90339608
IND,2020,72.17767618
NIC,2014,80.1620285
GNB,2018,58.6003654
GLOBAL,2016,72.43889094
RWA,2021,67.54213882
WSM,2018,68.86020051
FIN,2015,81.19884704
GNB,2019,58.97631495
BRB,2018,77.54119643
NOR,2019,82.65752051
SVN,2021,80.41495666
ISL,2018,82.37332681
KWT,2018,86.51647144
JPN,2016,84.15707196
ARE,2014,80.34690947
VEN,2014,78.35909396
GMB,2016,64.05468717
MYS,2016,76.65584201
JOR,2017,79.343833
GRD,2015,72.54736101
SSD,2019,56.78408521
IRL,2016,83.19196605
HUN,2014,79.13408499
MKD,2014,77.30498783
MOZ,2017,54.21281746
GHA,2016,64.70727537
COM,2018,69.32667108
TUR,2016,74.0564483
AZE,2017,74.6254737
CMR,2019,62.02612874
TTO,2019,74.09327397
QAT,2021,77.97981478
RUS,2021,70.017337
BIH,2017,79.54592201
BWA,2016,60.87086177
WB_UMI,2016,78.16909549
DOM,2018,76.91716418
ATG,2016,77.07363888
ZAF,2017,61.41356176
TTO,2020,77.27341491
SLV,2015,77.59774169
FJI,2020,65.38696561
USA,2016,78.55677254
SLE,2021,61.0228635
MLT,2015,83.57887599
KIR,2017,58.55023927
TZA,2014,64.69269786
TJK,2019,75.37171528
FSM,2018,63.15931281
CAF,2018,52.13733768
UGA,2019,66.0878394
GLOBAL,2017,75.27037083
DEU,2014,78.40633032
PRY,2014,78.12018519
UGA,2021,65.98577935
TTO,2014,71.31400746
SAU,2016,76.38082243
UGA,2020,62.97512029
SEN,2015,68.84372018
BHS,2021,70.43274063
MAR,2021,73.71494086
MWI,2020,66.28594441
PSE,2021,73.49178033
KAZ,2021,70.27511981
DNK,2021,81.18400442
BRB,2015,76.29023437
BEL,2018,83.33902344
AFR,2015,62.45046693
BLR,2015,78.75905502
SLB,2019,68.28887157
ARM,2018,79.54943252
SWE,2014,83.63062684
BRA,2015,78.14284375
MKD,2019,76.25125293
BOL,2017,72.44784311
BLZ,2018,77.26829242
JPN,2015,81.09401192
AUS,2014,84.21590932
MAR,2018,74.46481202
SWE,2015,83.49809484
BIH,2021,77.19796586
CHE,2018,83.28963498
BFA,2021,64.64478922
KIR,2015,64.89414869
LVA,2014,69.26903836
USA,2019,80.98396342
ISL,2021,82.57766731
ROU,2020,74.09623224
BRN,2021,75.33717722
MYS,2020,76.78965822
BFA,2019,60.07525883
LKA,2017,76.91196371
ERI,2019,61.00063353
DNK,2018,80.82345271
CPV,2018,69.51127652
WPR,2016,80.37721606
BEL,2017,78.90220538
TGO,2015,59.17856713
PRI,2019,76.85974899
SEAR,2021,68.36682977
NGA,2017,63.85902128
ZWE,2015,57.4934476
OMN,2018,74.96470035
SWE,2018,80.6115298
GRD,2014,70.09558343
TLS,2017,66.77045129
LTU,2018,80.42896156
COG,2018,63.39723103
AUT,2016,81.38820091
ESP,2016,85.35675646
KIR,2019,58.90203138
NGA,2014,61.37523759
CHN,2018,80.21740435
AGO,2015,59.10065943
TUR,2016,79.27209558
CMR,2019,64.05693974
BHS,2019,68.08192587
BHR,2017,75.71095601
AMR,2015,76.79070798
MRT,2016,69.65770027
MWI,2018,65.81692003
GRC,2018,78.86212624
PAK,2014,64.60239791
WB_HI,2020,82.58365002
DJI,2016,62.71140369
RWA,2019,67.75562916
MWI,2016,62.19781015
LCA,2015,80.08038622
CHE,2015,84.49934449
HTI,2020,63.41051389
MDV,2019,76.85564291
STP,2020,69.52207593
CHN,2015,73.67235597
GAB,2014,61.29616305
BFA,2020,62.92621842
GIN,2020,62.53887597
MMR,2018,65.45431478
UZB,2019,74.28109295
NIC,2020,78.45328612
CRI,2019,82.7107149
GHA,2017,65.08594377
IRL,2017,83.34781302
TGO,2018,60.58271115
IRN,2017,76.07240319
AUS,2019,80.72082576
SWE,2017,83.64353349
EMR,2016,67.55741192
TZA,2014,63.15051286
GTM,2017,75.34828942
BIH,2020,75.70792926
ZAF,2015,63.26267522
MLI,2015,59.6245109
TGO,2014,58.73253843
SUR,2017,73.2092718
QAT,2017,79.44443214
JAM,2017,72.33086714
BRA,2016,74.56188231
TJK,2021,70.17277981
ARE,2015,81.49214227
MYS,2020,75.49789046
KIR,2019,65.3155931
LBN,2018,81.50627123
LBN,2019,79.28679608
SAU,2018,76.81092084
BFA,2014,57.95914275
CZE,2015,78.48257933
MRT,2021,68.86843813
TGO,2014,63.7157013
CIV,2017,62.27592918
GTM,2016,74.93960817
MDA,2014,71.10984715
LBR,2017,62.62958569
WB_LI,2018,65.93984726
GUY,2018,68.74661773
COG,2019,62.42600872
TGO,2016,64.63397848
POL,2017,73.7301524
WB_HI,2016,78.10185153
AUS,2018,84.8774952
COL,2020,79.28292183
YEM,2020,69.4401025
LBY,2014,72.6011445
LCA,2021,68.00482152
COD,2020,62.03594732
HND,2021,67.43758929
AMR,2018,74.29790567
KGZ,2014,66.9780956
ESP,2020,84.51405232
MDA,2017,68.95306446
ETH,2016,69.32318048
LVA,2017,70.09862456
TON,2019,70.37704437
DJI,2019,65.43875202
EGY,2017,71.25138812
EGY,2020,70.12068297
HRV,2019,75.58179922
AUT,2021,78.65945841
ETH,2021,65.9619146
MEX,2021,70.83258685
SLV,2020,72.06392712
AZE,2015,75.53887692
BLZ,2016,74.39638983
LBY,2015,75.26455363
BRA,2014,78.14548496
SGP,2018,83.50811882
THA,2015,76.97043175
ITA,2016,82.86744999
MYS,2019,76.98993328
MOZ,2020,55.54599774
MOZ,2017,60.53843597
MMR,2016,67.8624826
LKA,2017,79.86196019
ERI,2015,65.46309637
IND,2021,65.77192893
CHE,2016,84.81955477
RUS,2017,77.45199171
SYC,2018,73.08090426
WB_LMI,2018,67.43947437
RUS,2016,66.25089592
BLR,2020,67.78434164
ARE,2021,78.30645695
VEN,2016,67.93399784
DJI,2019,63.63353793
CHL,2018,78.56749552
MMR,2016,64.7503137
BFA,2018,59.90986612
WPR,2019,74.51331437
AMR,2015,79.46168065
TCD,2021,57.53495751
LAO,2020,68.74340275
GNB,2017,58.3521892
WSM,2018,71.41404909
BEN,2019,61.76220363
LTU,2020,74.89538008
SYR,2016,60.12484476
WB_LMI,2017,67.20327507
SYR,2017,59.23626681
MRT,2020,68.23485472
BTN,2014,71.90211137
DOM,2015,69.94614966
YEM,2020,66.51267259
GLOBAL,2016,69.88453447
EUR,2015,80.24968729
ARG,2017,79.5931731
MLI,2016,61.09241624
AFG,2020,61.68773538
ARE,2017,81.82099841
THA,2021,75.29014364
AFR,2021,65.37137734
CAN,2016,79.85222647
BGD,2016,74.6002018
CHE,2014,82.84919576
ECU,2014,76.8969622
FIN,2017,81.32143707
BGD,2015,74.34652618
USA,2019,76.53353103
GLOBAL,2019,73.12337447
LAO,2016,65.12494243
KIR,2015,61.68537375
EMR,2018,68.25268972
KHM,2015,65.84405025
CIV,2018,62.90790762
MAR,2014,72.33786388
ZAF,2014,62.78312708
DJI,2017,63.03560799
GUY,2020,66.93943966
TTO,2014,77.2773763
ARM,2016,78.45614722
LTU,2018,75.75173506
HUN,2021,74.39546955
GAB,2021,67.91844591
GNQ,2018,59.86844272
BWA,2021,59.22470805
SSD,2017,58.88284459
NLD,2019,83.76002655
BFA,2015,58.4446628
MLI,2020,60.68307035
SEN,2014,65.36987228
CIV,2020,63.31088991
JOR,2021,75.64973596
COD,2016,62.4336055
MLT,2020,82.01477782
SSD,2016,59.18616055
TKM,2018,69.07787312
BEL,2016,78.70422516
LUX,2015,84.34910753
KOR,2016,79.52891431
CYP,2019,82.17744701
KGZ,2015,67.83552042
GIN,2015,60.45562596
ARG,2020,79.37590919
IRQ,2021,68.889713
BRB,2016,75.13761161
KAZ,2019,77.19851933
WB_HI,2019,78.48015696
GHA,2015,66.96885467
CAN,2015,83.4800047
BLR,2015,68.50925628
ETH,2017,68.0726745
LCA,2020,79.55474362
ALB,2020,79.02439276
LUX,2019,82.80168339
AZE,2020,75.46412199
GMB,2019,66.97529172
MEX,2020,67.11552638
POL,2019,77.72984544
CHL,2014,77.3376288
VNM,2014,68.61113267
PSE,2016,74.99064876
YEM,2018,69.82911209
CHE,2020,80.81707599
KEN,2015,61.87347295
ROU,2016,78.74772283
GIN,2017,58.96117199
MLI,2021,62.28961652
SEAR,2021,66.59948962
FSM,2020,68.83850276
TTO,2016,76.91267263
ZAF,2019,68.84884833
YEM,2021,63.08852618
MDV,2019,75.44939578
SAU,2016,77.43942824
RUS,2020,71.37748039
BLR,2019,79.65554048
COG,2016,62.56582962
PRK,2021,69.75508488
IRQ,2021,71.46632369
IND,2014,70.63601437
SSD,2018,60.96825914
BRB,2017,76.33626177
TZA,2016,65.60342077
MEX,2017,72.98208505
DJI,2014,63.51525954
JOR,2019,79.7854181
ARE,2020,82.16458713
BRB,2016,77.42883762
MUS,2019,77.42885789
PRI,2018,80.71857467
NAM,2019,59.98828346
PRK,2015,74.27300868
SUR,2021,69.78412349
SSD,2020,61.25040383
SOM,2019,52.8661225
MNE,2016,79.80532006
PRK,2019,72.31891378
COM,2015,66.38946477
CHN,2015,79.76158119
COG,2015,62.05475682
CHN,2014,73.39094171
KGZ,2016,72.67043609
KAZ,2019,68.84461035
SWZ,2018,51.47181775
UGA,2020,66.29850916
KIR,2019,62.13784891
RWA,2016,69.00521665
GUY,2015,66.95276619
HTI,2014,62.05144178
MWI,2015,61.82512095
UGA,2016,61.19672436
SVN,2015,80.46318817
ISL,2016,80.70490222
CHN,2020,80.74214242
ZWE,2020,57.11263941
THA,2019,73.3049176
SVN,2018,83.68821663
BOL,2016,73.10708658
SLE,2018,59.8662114
KWT,2019,82.50221054
UZB,2014,66.49945994
EST,2015,77.63428878
ERI,2018,66.27962047
NIC,2018,78.45090354
WB_UMI,2017,72.2996712
WB_LI,2015,62.58328954
ETH,2020,68.79596101
NIC,2019,76.29703806
SWE,2017,80.50176231
AFR,2019,66.07876409
GHA,2014,63.96496972
PRI,2016,80.23535619
LBY,2017,71.04287399
BEL,2021,79.28523112
EST,2017,73.71208609
SGP,2021,83.85708962
BIH,2014,79.59395832
GNQ,2014,61.53172347
GNB,2021,58.62801846
SSD,2015,59.27637583
TJK,2021,71.814877
ROU,2015,74.90936922
ARM,2020,76.1565204
BHR,2021,74.38371772
MLI,2020,62.25685245
SLB,2014,62.67220407
NPL,2021,71.79351837
BOL,2015,71.94895895
USA,2016,80.76654854
NPL,2014,70.19243321
LSO,2017,54.02306265
CAF,2019,52.93260744
ECU,2017,79.77389964
TUR,2015,74.04816793
JPN,2016,81.29287195
SDN,2017,69.04016145
ARE,2019,82.29087408
MOZ,2019,55.38510307
MYS,2019,72.7078106
URY,2017,73.66248946
LAO,2014,66.43037564
AZE,2019,75.79966602
SWZ,2014,50.93411451
COM,2019,66.80228997
POL,2020,76.38788167
MUS,2020,76.98975453
ZWE,2015,55.45128142
TLS,2017,69.80293219
KGZ,2015,71.54340028
TGO,2021,61.53856479
TJK,2015,72.37216019
AGO,2018,62.27158067
BGD,2020,74.97064162
COL,2015,74.67869181
AUS,2018,83.02313357
FSM,2021,62.98522647
KEN,2014,61.21060467
GLOBAL,2020,72.45043871
BGD,2019,73.94958231
AUS,2015,82.287472
GIN,2014,57.2708531
EGY,2018,73.96766897
KGZ,2021,75.75667891
MOZ,2014,52.34801673
LBR,2018,63.8532143
ISR,2014,79.12226763
SEN,2016,69.24295884
DZA,2017,76.97853692
MNE,2020,72.44691951
IND,2021,69.01961502
BLZ,2014,76.9934345
IRQ,2015,71.00605468
LKA,2015,79.52421201
GLOBAL,2018,75.47155884
NZL,2019,83.43149082
MDV,2020,77.92510776
POL,2020,72.43489549
COM,2018,67.08645497
SGP,2018,81.40217394
MLI,2017,60.56503511
NIC,2021,72.2627673
BFA,2020,60.30762413
SUR,2016,73.09259708
LKA,2020,83.14918447
SDN,2014,66.91577244
HTI,2017,63.64842226
BLR,2016,73.8924593
GAB,2014,63.76784225
LBY,2020,75.04391073
EGY,2019,74.30094919
CAF,2018,49.38506602
AUT,2017,79.19820665
MDV,2019,74.40609129
CRI,2018,80.28882351
LBR,2020,64.4186233
UGA,2018,62.37506545
VNM,2021,73.7965773
LBY,2021,72.17844009
JOR,2017,79.14251842
MDG,2019,62.82869781
ARE,2016,80.78348374
GAB,2016,67.14617596
LCA,2021,74.47416901
EMR,2020,70.70658762
THA,2016,73.56317676
IRQ,2018,75.52278497
GRD,2017,75.43055828
SOM,2020,55.12925544
JAM,2018,72.51790169
CIV,2018,60.59000912
PRI,2017,75.01798396
COD,2017,62.96964685
LTU,2015,74.36612877
PER,2021,71.66727055
USA,2015,80.75563252
ARG,2015,79.64282914
MNG,2020,68.50318766
STP,2016,70.89699364
GIN,2016,61.09590126
NZL,2018,81.75540508
NER,2020,61.55936468
SLV,2014,69.45516613
BGD,2020,71.66716678
BGD,2019,72.64472365
SYC,2016,73.07491735
GBR,2016,79.08678379
KAZ,2016,76.50637539
SLB,2018,63.24691864
GRD,2018,72.78877041
DEU,2021,80.49140555
PRK,2017,68.91576747
SAU,2014,76.61874614
WB_UMI,2017,78.4171746
FIN,2018,83.95859993
NOR,2014,81.82844761
LBR,2017,61.93846577
WB_LMI,2021,69.22598578
USA,2019,78.73923827
TON,2016,69.9632821
DJI,2020,67.22586968
NGA,2019,63.06578367
TJK,2016,72.72427435
BHR,2014,75.05717694
DNK,2016,82.42904953
CPV,2017,77.80696089
ARE,2021,77.17597678
KAZ,2014,75.77800584
BRN,2015,77.93069984
EST,2016,81.7309498
SEAR,2020,68.74875179
GHA,2018,65.51554359
NIC,2021,77.6750693
AZE,2016,76.01644995
CHN,2017,76.94625698
PER,2014,80.00001335
FIN,2016,83.8236522
CHE,2015,82.58994495
MOZ,2014,57.76131358
SSD,2020,56.61554797
EST,2018,78.3489275
CUB,2017,77.65330792
CHN,2014,76.19910536
BHS,2016,76.08959693
GEO,2017,73.50475808
ZAF,2020,66.58832725
LSO,2018,48.7536936
LVA,2021,73.20251724
LUX,2016,82.55544194
PNG,2016,67.34786888
USA,2021,79.14743196
AMR,2021,74.11268797
PRK,2014,71.13791927
PER,2019,79.88216077
LKA,2021,74.15829356
LTU,2021,78.64626384
ROU,2020,78.08633272
HND,2016,72.38379935
NGA,2014,63.02628193
EMR,2017,71.27956534
IDN,2015,70.53899644
BDI,2015,64.58900978
DNK,2017,79.12797014
QAT,2017,78.1817867
BTN,2021,75.9397559
AFR,2015,60.54230825
PRT,2017,81.14657369
TUR,2019,80.12518495
TLS,2014,67.48250838
ETH,2020,66.92857716
MWI,2014,61.34710538
USA,2015,78.61058161
GTM,2017,70.04335887
PHL,2015,65.80853734
JAM,2021,70.1439437
KAZ,2017,76.88622891
EST,2019,78.89055582
TZA,2015,63.54226249
LBR,2021,62.64177415
MWI,2019,63.22930485
MOZ,2016,53.59515522
BLR,2019,74.8186819
MUS,2014,70.74197984
UGA,2018,65.71888649
IND,2018,71.95284021
NLD,2016,81.34048104
IND,2017,71.56505643
CHN,2016,73.89045573
WB_LI,2015,64.74630348
SRB,2020,74.43296608
EUR,2018,74.58527627
TTO,2019,77.53897426
SRB,2016,78.10094521
GNB,2020,55.72882576
BLZ,2017,77.45739817
CIV,2014,60.06789432
SLE,2014,55.14183625
EMR,2021,68.48743553
MKD,2020,72.11616409
DZA,2018,76.4358357
COD,2016,58.48912969
BLR,2014,73.15346125
DOM,2015,73.29460988
ERI,2018,63.47224104
LVA,2019,75.68490068
PHL,2014,65.99968478
POL,2014,77.47281866
PER,2019,76.68951891
QAT,2015,78.8389633
PRY,2017,75.34684774
CZE,2018,78.89195159
BHS,2017,70.03611111
PRT,2019,78.37896875
SYC,2019,70.07681505
POL,2016,81.56120761
GNQ,2017,61.20572328
PRT,2018,81.06316039
AUS,2017,82.67971308
GMB,2021,66.26215012
LBY,2015,70.20647427
MRT,2018,70.15294891
CUB,2021,73.67333077
IRQ,2014,66.39416089
GBR,2017,80.92411386
WSM,2016,71.25477089
BIH,2018,79.76529214
CMR,2021,63.72440802
ESP,2017,82.67579627
MRT,2017,69.91985395
HUN,2014,75.777258
SEAR,2016,68.86960012
UZB,2014,71.12463426
DJI,2014,61.89805899
BOL,2014,70.76197188
COM,2021,68.72786745
NPL,2017,69.02413219
WB_UMI,2018,75.50618266
WB_LMI,2014,66.09837146
NZL,2016,83.31287316
LBR,2016,62.77406225
BDI,2016,61.29790514
TJK,2015,74.17726778
RWA,2015,64.90580403
RWA,2014,66.67115526
GUY,2015,70.35827024
NGA,2019,64.51334689
WB_LI,2014,60.06124484
ARM,2015,74.27859114
SGP,2015,84.92018489
CAN,2015,81.64860674
AUT,2020,78.82265315
EUR,2017,77.62310671
HUN,2019,79.52435149
IRN,2017,79.09050093
GRC,2019,83.01154433
JOR,2018,80.13972264
KHM,2020,67.086969
SAU,2015,76.3618803
JPN,2015,86.79946601
NPL,2020,70.98964531
SGP,2016,83.24199269
PRY,2016,77.76153567
TCD,2020,59.21180605
POL,2018,73.73561922
KGZ,2019,69.91973934
ZWE,2020,61.48102802
SEN,2017,66.47201695
CPV,2018,78.0275848
TUR,2016,76.66589183
MRT,2015,69.45426817
NGA,2016,63.5691056
BDI,2020,64.59433751
EGY,2017,73.95856313
TGO,2014,61.08981314
MLT,2014,83.41459252
ARE,2016,80.42736068
AUT,2017,83.5065155
QAT,2014,75.91370418
CAF,2020,53.07817181
DOM,2017,73.41062894
CUB,2015,80.11058499
WB_LMI,2014,68.03975837
CRI,2019,80.30073211
BHR,2020,76.76997313
PAK,2018,65.99608411
KEN,2015,66.7976816
RWA,2015,68.78351861
KGZ,2017,72.80933995
SOM,2017,54.18246164
FIN,2019,79.10931628
TJK,2017,73.18915767
PRY,2017,78.1674584
TTO,2015,71.41800481
CPV,2017,71.98973147
WB_HI,2020,79.95969437
NAM,2019,66.89822614
KEN,2018,66.06922549
PRY,2014,75.31468858
CZE,2018,76.019912
BFA,2018,62.36096547
KEN,2018,68.56652068
CMR,2018,59.47329157
PRI,2014,76.58480281
MLT,2018,82.26456738
LUX,2014,80.11457271
DNK,2019,81.27895276
GLOBAL,2018,70.3758599
MRT,2020,68.92697523
COD,2021,59.42621698
BRB,2021,78.40878662
URY,2021,71.24718376
MNG,2018,66.13645061
IND,2015,70.98996255
HUN,2015,78.75301914
LBN,2021,74.34207035
DEU,2017,82.97260801
BTN,2015,73.07489389
JPN,2017,87.02409753
ERI,2021,60.90836002
UGA,2014,59.99670701
PRY,2018,72.43069244
BLZ,2016,77.54952184
RWA,2018,65.55074167
LUX,2017,82.70166924
EGY,2018,68.81463552
WB_LMI,2019,67.69803299
BHR,2020,74.85398109
BHR,2019,76.864888
PRI,2021,83.51311535
UZB,2019,70.14783761
KWT,2020,78.76948984
TLS,2015,69.35212212
PNG,2021,65.48786529
FIN,2019,84.15385641
CHL,2018,80.96185803
ALB,2015,77.76638448
AZE,2016,71.83874259
DNK,2017,80.94104357
MOZ,2020,58.6314583
EST,2015,81.7436931
COL,2017,80.38009537
SOM,2014,53.08816189
ARG,2016,76.12474817
AZE,2018,75.13145241
COG,2017,62.48440988
BRB,2018,74.9210459
ZAF,2016,66.86400866
BLZ,2019,74.86586064
RWA,2018,67.62644841
TTO,2021,68.41079132
NOR,2018,83.99785058
IND,2020,68.40590232
ALB,2018,79.88310787
PSE,2018,77.45880251
LAO,2020,66.19869034
SYR,2018,58.68099243
ESP,2021,82.66267258
CAF,2016,54.20143422
CHL,2016,80.46247256
BHS,2020,72.61586296
GHA,2019,68.59311824
ESP,2021,85.29773694
UGA,2016,68.13060714
MUS,2016,77.47914168
ZMB,2019,61.76313302
NPL,2016,72.36361653
UGA,2015,67.71416526
ZWE,2021,60.53337841
NIC,2017,80.88815725
NLD,2021,81.12478594
GTM,2018,72.72918484
GRC,2014,83.14597251
SUR,2019,76.10482133
NER,2016,58.88129873
EUR,2019,74.98570203
VEN,2016,77.20433279
ESP,2014,82.58446278
PHL,2015,73.67784575
DOM,2019,73.91314074
CUB,2015,75.82230798
BEL,2020,80.77564866
MOZ,2018,54.81726783
AUT,2016,83.59294352
TCD,2017,60.04791192
SVN,2018,80.95873943
SVK,2015,73.0776643
ERI,2017,66.00261126
AGO,2019,62.49147407
SVK,2014,80.28199948
MNG,2015,69.246045
EMR,2015,68.93543861
QAT,2017,78.5144035
THA,2021,78.96816354
NLD,2015,82.81619499
PNG,2014,64.73637002
MAR,2014,73.9012955
SWE,2020,83.79474323
BLZ,2021,73.32055336
CYP,2017,79.82602158
GHA,2017,62.53038136
SLV,2015,67.63485223
DJI,2018,63.37767291
SLB,2019,65.67290557
CPV,2021,68.80259677
TTO,2020,73.63599489
ZMB,2020,59.46323371
CZE,2015,75.59372972
MLT,2019,83.984762
BTN,2016,72.26459708
LSO,2019,51.77851899
LAO,2014,68.80069369
BLZ,2015,74.30568158
CMR,2018,61.3869156
PAN,2014,74.88992711
CMR,2015,58.9843954
IRN,2020,77.13670552
BOL,2020,67.11714577
HRV,2021,73.77732315
SWZ,2019,52.46756729
SWE,2020,80.38890371
WPR,2021,77.41814299
CAN,2019,83.89712798
MNG,2021,73.85828108
JAM,2019,75.14201451
VUT,2014,63.73781411
LAO,2019,70.72146922
TON,2015,69.86785963
CAN,2014,83.47468449
CAN,2014,81.59103957
NAM,2021,57.26867341
NER,2016,60.79518152
PAN,2014,80.77219134
PRT,2017,78.11638146
KOR,2015,82.40187033
SYR,2014,60.24065156
JOR,2014,78.34868119
EUR,2016,80.54037185
BGD,2017,74.6946203
IRL,2015,81.13790588
PAK,2016,66.85605771
SYC,2021,75.62362143
UKR,2021,75.33701473
EMR,2019,70.18316524
GRC,2017,80.69403193
GMB,2017,66.36047611
WB_LMI,2016,68.75196172
SLV,2017,73.71813956
SYC,2018,70.01162218
TTO,2016,73.83467512
LKA,2017,73.75718966
TLS,2020,68.91671885
GRD,2021,75.20123415
BTN,2019,73.93027807
SSD,2017,61.03754485
ETH,2015,68.81684832
GUY,2020,70.18506628
SWE,2015,79.96617583
NZL,2020,82.5016081
LBN,2018,77.03657714
GTM,2015,74.81630621
USA,2014,80.92687575
PRK,2018,75.05135164
LTU,2018,70.87608108
SLB,2017,65.4106128
NZL,2020,80.69927761
KWT,2017,80.38160915
PRT,2021,78.27280839
ERI,2020,66.65783603
SWZ,2017,53.80924436
MWI,2019,66.04654265
USA,2018,80.85621944
KWT,2014,79.98647151
CYP,2018,84.05594242
GUY,2021,62.97730372
STP,2018,72.93277107
WSM,2016,68.68213964
GAB,2018,67.56808286
SLE,2021,60.15347312
LBR,2020,62.46861437
CHE,2015,80.58096114
SAU,2020,76.05844679
PRI,2019,84.04089271
VUT,2019,64.11567602
HRV,2020,80.9263101
SWZ,2015,52.11336327
TUN,2016,76.91365109
PER,2019,78.29293866
WSM,2015,68.75999107
LTU,2020,79.76827052
VNM,2014,72.95094965
AUS,2014,80.51209187
SEN,2021,65.94354031
UZB,2020,73.41116958
MDG,2017,62.57285947
BWA,2017,66.0618249
JPN,2017,81.40127035
GRC,2017,78.53350845
BRN,2014,76.65808603
VCT,2019,73.10795228
MLI,2020,61.46815324
TKM,2016,65.49134864
JAM,2018,75.60591545
COL,2020,73.17844113
PSE,2021,71.14110365
MYS,2017,74.40097684
SRB,2015,77.77429406
MMR,2014,70.29699169
PSE,2020,77.08400825
MEX,2017,78.76628087
MDA,2021,65.53420178
HND,2018,72.73874791
TUR,2017,79.59950101
WPR,2019,77.48911331
CIV,2015,60.9342411
BLR,2020,73.01027649
THA,2020,79.91311642
CAF,2021,55.3790002
BGD,2018,73.67380343
DZA,2015,76.06909233
